0.564364,0.435636,-1,-1,-1,-1,-1,-1,-1,-1
0.461576,0.217818,0.217818,0.102788,-1,-1,-1,-1,-1,-1
0.108909,0.0513942,0.0513942,0.108909,0.410182,0.108909,0.108909,0.0513942,-1,-1
0.0770913,0.204929,0.102464,0.102464,0.408565,0.00161624,0.00644459,0.00644459,0.0128892,0.0770913
0.0625,0.03125,0.03125,0.03125,0.34375,0.34375,0.03125,0.03125,0.03125,0.0625
0.077536,0.347504,0.049621,0.049621,0.383272,0.000404061,0.00161115,0.00161115,0.0112831,0.077536
0.0584855,0.024889,0.0746669,0.390524,0.38307,0.00020203,0.00644459,0.00242437,0.000808122,0.0584855
0.00353553,0.0443913,0.174177,0.390522,0.38307,2.66376e-008,1.67228e-006,4.59303e-005,0.000720862,0.00353553
0.06,0.02,0.02,0.04,0.36,0.36,0.04,0.02,0.02,0.06
0.03,0.02,0.03,0.08,0.34,0.34,0.08,0.03,0.02,0.03
0.0539201,0.110803,0.193579,0.211789,0.37078,4.96908e-005,0.00174787,0.00159758,0.00181392,0.0539201
0.00246959,0.0402377,0.178334,0.405368,0.37078,1.66485e-009,2.22353e-007,1.19499e-005,0.00032938,0.00246959
0.0372385,0.0264451,0.145683,0.379514,0.370755,2.48445e-005,0.00157243,0.00119742,0.000331629,0.0372385
0.00114502,0.000203452,0.0286436,0.16979,0.79883,6.59937e-008,4.13188e-006,0.000136357,0.000102144,0.00114502
0.00071379,7.97254e-005,0.0176848,0.133343,0.847389,3.96562e-008,2.31844e-006,7.24052e-005,6.52621e-007,0.00071379
6.69582e-007,1.86063e-005,0.000203581,0.0017357,0.998041,3.23588e-012,1.19015e-010,3.41053e-009,7.61557e-008,6.69582e-007
0.06,0.02,0.02,0.04,0.36,0.36,0.04,0.02,0.02,0.06
0.03,0.02,0.03,0.08,0.34,0.34,0.08,0.03,0.02,0.03
0.06,0.02,0.02,0.04,0.36,0.36,0.04,0.02,0.02,0.06
0.03,0.02,0.03,0.08,0.34,0.34,0.08,0.03,0.02,0.03
0.0327496,0.0288266,0.153255,0.386078,0.364728,6.13526e-006,0.0007966,0.000629844,0.000181124,0.0327496
0.000774936,0.000110891,0.00361048,0.0215002,0.973113,1.03618e-006,4.41799e-005,1.48013e-005,5.55596e-005,0.000774936
0.000460444,5.71935e-005,0.0150037,0.131011,0.852975,5.11144e-009,5.71001e-007,3.07724e-005,2.34572e-007,0.000460444
2.43899e-007,9.27455e-006,0.000130453,0.00134764,0.998512,1.79997e-013,1.16219e-011,5.48603e-010,1.90193e-008,2.43899e-007
0.0212861,0.0505408,0.167539,0.373725,0.364725,3.06761e-006,0.000385949,0.000344629,0.000164357,0.0212861
0.000338843,8.75314e-005,0.00331552,0.0133354,0.98252,3.20062e-007,1.37219e-005,7.82618e-006,4.24485e-005,0.000338843
0.000201555,2.08146e-005,0.00985532,0.118923,0.870776,1.41072e-009,1.76122e-007,1.13554e-005,1.04181e-005,0.000201555
5.45906e-008,4.305e-009,3.01196e-006,6.18054e-005,0.999935,1.34967e-012,7.81466e-011,3.43422e-009,2.12762e-009,5.45906e-008
0.000114374,1.2225e-005,0.00568995,0.0859131,0.90815,8.01766e-010,9.34648e-008,5.83459e-006,2.50823e-008,0.000114374
1.73793e-008,9.11042e-007,8.96681e-008,2.38171e-005,0.999975,3.75496e-013,2.17058e-011,3.72589e-011,9.37667e-010,1.73674e-008
8.59113e-009,4.76971e-007,1.04268e-005,0.000177605,0.999811,2.57967e-015,1.91466e-013,1.09622e-011,4.89062e-010,8.59113e-009
1.88738e-015,7.62093e-015,3.81334e-013,1.49737e-011,1,7.16002e-022,1.77757e-020,4.28749e-019,7.81412e-018,1.88738e-015
0.06,0.02,0.02,0.04,0.36,0.36,0.04,0.02,0.02,0.06
0.03,0.02,0.03,0.08,0.34,0.34,0.08,0.03,0.02,0.03
0.06,0.02,0.02,0.04,0.36,0.36,0.04,0.02,0.02,0.06
0.03,0.02,0.03,0.08,0.34,0.34,0.08,0.03,0.02,0.03
0.06,0.02,0.02,0.04,0.36,0.36,0.04,0.02,0.02,0.06
0.03,0.02,0.03,0.08,0.34,0.34,0.08,0.03,0.02,0.03
0.06,0.02,0.02,0.04,0.36,0.36,0.04,0.02,0.02,0.06
0.03,0.02,0.03,0.08,0.34,0.34,0.08,0.03,0.02,0.03
0.0182448,0.0528003,0.17171,0.376799,0.361745,7.61416e-007,0.000193968,0.000176424,8.59072e-005,0.0182448
0.000224219,4.57237e-005,0.0027241,0.0115465,0.985204,7.75416e-008,5.93342e-006,3.1006e-006,2.21424e-005,0.000224219
0.000128402,1.08938e-005,0.000821795,0.00748169,0.991419,4.25457e-008,3.83976e-006,8.44641e-007,5.44969e-006,0.000128402
3.69436e-008,4.54214e-009,1.13664e-006,4.66473e-006,0.999994,1.14237e-011,1.77796e-010,6.39875e-010,2.26513e-009,3.69436e-008
7.0767e-005,8.15334e-006,0.00464984,0.0822609,0.912937,1.02021e-010,2.23553e-008,2.38516e-006,8.36767e-009,7.0767e-005
5.81948e-009,4.30752e-007,2.15248e-008,1.36862e-005,0.999986,3.46252e-014,3.26694e-012,4.52769e-012,2.21612e-010,5.81622e-009
2.89855e-009,2.2076e-007,6.23955e-006,0.000129892,0.999864,1.36456e-016,1.75304e-014,1.64166e-012,1.13236e-010,2.89855e-009
1.09979e-015,5.51533e-014,7.14145e-005,6.49441e-005,0.999864,4.6557e-033,5.98076e-031,5.8665e-022,1.87623e-020,5.69119e-019
0.0114282,0.0662609,0.17813,0.370766,0.361744,3.80708e-007,9.54557e-005,9.15339e-005,5.49294e-005,0.0114282
9.31831e-005,2.75966e-005,0.0019564,0.00708566,0.990728,2.23e-008,1.82052e-006,1.23493e-006,1.31469e-005,9.31831e-005
5.41821e-005,8.34503e-006,0.000653044,0.00457117,0.994653,1.22718e-008,1.17346e-006,4.21472e-007,4.09685e-006,5.41821e-005
9.02837e-009,1.4285e-009,3.16001e-007,1.59073e-006,0.999998,1.38912e-012,3.21855e-011,9.63456e-011,6.07367e-010,9.02837e-009
3.01551e-005,1.67301e-006,0.00290206,0.0723431,0.924691,2.6966e-011,6.45588e-009,8.18951e-007,8.36718e-007,3.01551e-005
1.18243e-009,5.11517e-011,1.27666e-007,5.21476e-006,0.999995,3.54994e-015,4.11449e-013,3.61463e-011,2.54075e-011,1.18243e-009
5.99257e-010,2.55765e-011,6.72397e-008,3.02931e-006,0.999997,1.78468e-015,2.06205e-013,1.80939e-011,1.2704e-011,5.99257e-010
6.10638e-016,6.89869e-017,2.09208e-013,3.0978e-006,0.999997,7.96276e-031,6.2997e-023,2.91255e-021,1.81218e-020,6.1063e-016
1.62189e-005,9.8392e-007,0.00161825,0.0494146,0.948933,1.45731e-011,3.32362e-009,4.15079e-007,5.04812e-010,1.62189e-005
3.48798e-010,3.66763e-008,3.24417e-009,1.87317e-006,0.999998,9.39659e-016,1.0924e-013,3.7517e-013,9.43382e-012,3.4873e-010
1.72516e-010,1.90936e-008,8.2751e-007,2.76052e-005,0.999972,3.18886e-018,4.79261e-016,5.50386e-014,4.91438e-012,1.72516e-010
2.22045e-016,6.08696e-018,7.80985e-016,1.94551e-008,1,1.45946e-031,1.57029e-024,6.41237e-023,1.57154e-021,2.22045e-016
8.63669e-011,9.58758e-009,4.19073e-007,1.42734e-005,0.999985,1.61465e-018,2.40788e-016,2.75651e-014,2.45892e-012,8.63669e-011
5e-021,1.54001e-018,3.1751e-016,5.02301e-009,1,1.01503e-030,4.01388e-025,1.657e-023,3.94965e-022,5e-021
4.44089e-016,7.70002e-019,2.19325e-007,2.09536e-007,1,9.75244e-035,5.56357e-033,8.48573e-024,1.97482e-022,4.44089e-016
5.55112e-017,3.48972e-022,2.19325e-007,2.09536e-007,1,2.37775e-069,2.71292e-067,1.80344e-047,6.92352e-038,5.55112e-017
0.06,0.02,0.02,0.04,0.36,0.36,0.04,0.02,0.02,0.06
0.03,0.02,0.03,0.08,0.34,0.34,0.08,0.03,0.02,0.03
0.06,0.02,0.02,0.04,0.36,0.36,0.04,0.02,0.02,0.06
0.03,0.02,0.03,0.08,0.34,0.34,0.08,0.03,0.02,0.03
0.06,0.02,0.02,0.04,0.36,0.36,0.04,0.02,0.02,0.06
0.03,0.02,0.03,0.08,0.34,0.34,0.08,0.03,0.02,0.03
0.06,0.02,0.02,0.04,0.36,0.36,0.04,0.02,0.02,0.06
0.03,0.02,0.03,0.08,0.34,0.34,0.08,0.03,0.02,0.03
0.06,0.02,0.02,0.04,0.36,0.36,0.04,0.02,0.02,0.06
0.03,0.02,0.03,0.08,0.34,0.34,0.08,0.03,0.02,0.03
0.06,0.02,0.02,0.04,0.36,0.36,0.04,0.02,0.02,0.06
0.03,0.02,0.03,0.08,0.34,0.34,0.08,0.03,0.02,0.03
0.06,0.02,0.02,0.04,0.36,0.36,0.04,0.02,0.02,0.06
0.03,0.02,0.03,0.08,0.34,0.34,0.08,0.03,0.02,0.03
0.06,0.02,0.02,0.04,0.36,0.36,0.04,0.02,0.02,0.06
0.03,0.02,0.03,0.08,0.34,0.34,0.08,0.03,0.02,0.03
0.00966205,0.0677396,0.1803,0.372252,0.360263,9.48115e-008,4.78335e-005,4.62887e-005,2.80847e-005,0.00966205
6.0824e-005,1.41077e-005,0.00162583,0.00602157,0.992209,5.34726e-009,7.72965e-007,4.86274e-007,6.71539e-006,6.0824e-005
3.42313e-005,4.26914e-006,0.000492583,0.003888,0.995544,2.91132e-009,4.9888e-007,1.49044e-007,2.09503e-006,3.42313e-005
2.54896e-009,4.38965e-010,1.64082e-007,6.46496e-007,0.999999,2.15072e-013,6.39814e-012,2.42421e-011,1.95031e-010,2.54896e-009
1.86166e-005,8.56335e-007,0.000176058,0.00221824,0.997567,1.52907e-009,2.8453e-007,4.51964e-008,4.28223e-007,1.86166e-005
1.09805e-009,6.5937e-011,4.61405e-008,3.2933e-007,1,5.6918e-014,1.83389e-012,6.35031e-012,3.29214e-011,1.09805e-009
9.32316e-010,3.28891e-011,2.30775e-008,3.29533e-007,1,2.84683e-014,9.17788e-013,3.17519e-012,1.64247e-011,9.32316e-010
1.37668e-014,5.23166e-019,9.18258e-013,2.49946e-008,1,1.32666e-026,3.57445e-022,8.61002e-021,1.05901e-020,1.37668e-014
9.82433e-006,7.36825e-007,0.00129669,0.0466269,0.952056,1.83966e-012,7.83151e-010,1.66303e-007,1.89028e-010,9.82433e-006
1.12463e-010,1.66793e-008,7.6652e-010,1.04743e-006,0.999999,8.4068e-017,1.58521e-014,4.46339e-014,2.14408e-012,1.12437e-010
5.67458e-011,8.35376e-009,7.7461e-010,6.08481e-007,0.999999,4.21594e-017,7.9349e-015,2.26929e-014,1.07221e-012,5.67414e-011
6.22029e-021,8.5109e-019,9.24306e-009,3.04241e-007,1,8.40771e-032,8.36327e-032,1.37758e-023,9.83449e-023,5.89968e-021
2.80191e-011,6.84133e-018,4.27125e-009,2.42014e-007,1,2.14205e-017,3.98072e-015,5.47792e-013,1.75482e-021,2.80191e-011
1.11022e-016,1.85963e-019,3.99206e-015,2.46342e-007,1,1.14709e-034,4.74464e-026,2.77858e-024,2.38499e-023,1.11022e-016
5e-021,2.1614e-039,2.34335e-035,4.64908e-020,1,7.37554e-024,5.96249e-024,3.00543e-039,5.54403e-043,5e-021
5e-021,2.32436e-041,1.0326e-035,6.29605e-034,1,1.52511e-040,1.03559e-041,1.324e-039,3.67482e-042,5e-021
0.00592843,0.0752087,0.183338,0.369271,0.360263,4.74057e-008,2.37267e-005,2.35359e-005,1.57456e-005,0.00592843
2.45064e-005,7.70384e-006,0.00106302,0.0036582,0.995218,1.47562e-009,2.3481e-007,1.73014e-007,3.63668e-006,2.45064e-005
1.40898e-005,2.52277e-006,3.94684e-005,0.00265509,0.997273,8.08458e-010,1.91554e-007,2.02424e-008,1.22644e-006,1.40898e-005
6.31706e-010,6.40242e-011,4.30471e-008,2.119e-007,1,2.41225e-014,1.09156e-012,3.38128e-012,2.14372e-011,6.31706e-010
7.7682e-006,6.48269e-007,0.000122469,0.00134281,0.998518,4.25854e-010,8.61287e-008,2.23353e-008,3.20936e-007,7.7682e-006
2.72787e-010,2.01058e-011,1.20972e-008,1.08384e-007,1,6.4814e-015,3.12346e-013,8.9514e-013,7.77755e-012,2.72787e-010
2.43027e-010,1.00451e-011,6.04976e-009,1.08425e-007,1,3.24137e-015,1.5626e-013,4.47572e-013,3.88494e-012,2.43027e-010
1.77636e-015,2.42639e-020,1.56298e-013,1.14975e-007,1,2.62662e-030,1.06571e-023,3.26725e-022,4.72668e-022,1.77636e-015
4.13343e-006,1.18716e-007,6.9558e-005,0.000717974,0.999204,2.1892e-010,4.60435e-008,8.92349e-009,5.9362e-008,4.13343e-006
1.26431e-010,3.69242e-012,3.326e-009,5.49452e-008,1,1.68613e-015,8.62551e-014,2.32097e-013,1.8453e-012,1.26431e-010
1.1799e-010,1.8449e-012,1.66317e-009,5.49563e-008,1,8.4316e-016,4.31405e-014,1.16049e-013,9.22073e-013,1.1799e-010
6.10626e-016,2.1768e-022,8.50916e-025,3.18881e-021,1,4.29797e-023,3.5875e-023,2.12555e-025,1.08796e-022,6.10626e-016
1.13769e-010,9.22124e-013,8.31627e-010,5.49618e-008,1,4.21604e-016,2.15735e-014,5.80245e-014,4.60893e-013,1.13769e-010
4.44089e-016,1.59457e-021,9.51881e-020,6.29093e-018,1,1.18112e-023,2.4693e-024,6.64149e-024,8.97054e-024,4.44089e-016
5.55117e-016,4.83912e-020,6.44813e-010,2.78967e-008,1,1.15915e-030,4.19485e-030,7.14024e-024,7.80601e-024,5.55117e-016
5e-021,1.31393e-015,6.44813e-010,2.78967e-008,1,3.35907e-061,2.43123e-060,4.13831e-054,2.61914e-038,5e-021
2.16042e-006,6.98582e-008,0.000431502,0.0266037,0.97296,2.47389e-013,1.10791e-010,2.76714e-008,8.96008e-012,2.16042e-006
6.18586e-012,1.3032e-009,1.09344e-010,1.31753e-007,1,2.08206e-018,4.85078e-016,3.36066e-015,8.37144e-014,6.18554e-012
3.06033e-012,1.9548e-013,6.765e-010,5.846e-008,1,1.0656e-018,2.44124e-016,4.35554e-014,4.57841e-017,3.06033e-012
5.55112e-017,3.34537e-021,2.44417e-016,6.26287e-012,1,2.33488e-032,3.6914e-028,3.23698e-026,2.16033e-025,5.55112e-017
1.53055e-012,3.39437e-010,2.95091e-008,0.639737,0.360263,1.64811e-033,5.34827e-019,1.22208e-016,2.18102e-014,1.53055e-012
5.55112e-017,6.03551e-009,0.159825,0.479912,0.360263,1.88491e-066,1.68516e-049,1.64115e-035,6.24125e-026,5.55112e-017
5.55112e-017,0.264574,0.270413,0.10475,0.360263,9.42456e-067,7.11089e-053,1.07304e-038,3.12063e-026,5.55112e-017
0.295031,0.135207,0.10475,0.10475,0.360263,6.16372e-133,9.30112e-119,9.30112e-119,1.40355e-104,5e-021
7.66276e-013,1.70099e-010,1.48691e-008,0.407951,0.592049,1.27273e-030,2.6796e-019,6.11428e-017,1.09077e-014,7.66276e-013
1.66533e-016,3.46828e-009,0.230553,0.177398,0.592049,6.83995e-061,1.10807e-049,1.79512e-038,1.56497e-026,1.66533e-016
1.11022e-016,0.0299414,0.212218,0.0828958,0.674944,2.42994e-050,2.42994e-050,7.5817e-050,7.82427e-027,1.11022e-016
0.0763681,0.0828958,0.0828958,0.0828958,0.674944,7.01827e-111,7.01827e-111,7.01827e-111,7.01827e-111,5e-021
5e-021,2.28166e-019,9.4813e-010,0.0299413,0.970059,3.8771e-039,2.95247e-029,3.88506e-027,1.86987e-036,5e-021
5e-021,7.20535e-012,7.20535e-012,0.0299414,0.970059,3.87397e-078,7.70484e-066,5.39397e-067,4.12894e-047,5e-021
5e-021,3.44176e-021,5.86665e-011,0.000227541,0.999772,2.4794e-078,2.01082e-047,2.01082e-047,2.35936e-057,5e-021
5e-021,3.44176e-021,2.26267e-022,8.84952e-013,1,2.531e-125,6.29343e-099,1.88803e-098,4.02165e-067,5e-021
0.06,0.02,0.02,0.04,0.36,0.36,0.04,0.02,0.02,0.06
0.03,0.02,0.03,0.08,0.34,0.34,0.08,0.03,0.02,0.03
0.06,0.02,0.02,0.04,0.36,0.36,0.04,0.02,0.02,0.06
0.03,0.02,0.03,0.08,0.34,0.34,0.08,0.03,0.02,0.03
0.06,0.02,0.02,0.04,0.36,0.36,0.04,0.02,0.02,0.06
0.03,0.02,0.03,0.08,0.34,0.34,0.08,0.03,0.02,0.03
0.06,0.02,0.02,0.04,0.36,0.36,0.04,0.02,0.02,0.06
0.03,0.02,0.03,0.08,0.34,0.34,0.08,0.03,0.02,0.03
0.06,0.02,0.02,0.04,0.36,0.36,0.04,0.02,0.02,0.06
0.03,0.02,0.03,0.08,0.34,0.34,0.08,0.03,0.02,0.03
0.06,0.02,0.02,0.04,0.36,0.36,0.04,0.02,0.02,0.06
0.03,0.02,0.03,0.08,0.34,0.34,0.08,0.03,0.02,0.03
0.06,0.02,0.02,0.04,0.36,0.36,0.04,0.02,0.02,0.06
0.03,0.02,0.03,0.08,0.34,0.34,0.08,0.03,0.02,0.03
0.06,0.02,0.02,0.04,0.36,0.36,0.04,0.02,0.02,0.06
0.03,0.02,0.03,0.08,0.34,0.34,0.08,0.03,0.02,0.03
0.06,0.02,0.02,0.04,0.36,0.36,0.04,0.02,0.02,0.06
0.03,0.02,0.03,0.08,0.34,0.34,0.08,0.03,0.02,0.03
0.06,0.02,0.02,0.04,0.36,0.36,0.04,0.02,0.02,0.06
0.03,0.02,0.03,0.08,0.34,0.34,0.08,0.03,0.02,0.03
0.06,0.02,0.02,0.04,0.36,0.36,0.04,0.02,0.02,0.06
0.03,0.02,0.03,0.08,0.34,0.34,0.08,0.03,0.02,0.03
0.06,0.02,0.02,0.04,0.36,0.36,0.04,0.02,0.02,0.06
0.03,0.02,0.03,0.08,0.34,0.34,0.08,0.03,0.02,0.03
0.06,0.02,0.02,0.04,0.36,0.36,0.04,0.02,0.02,0.06
0.03,0.02,0.03,0.08,0.34,0.34,0.08,0.03,0.02,0.03
0.06,0.02,0.02,0.04,0.36,0.36,0.04,0.02,0.02,0.06
0.03,0.02,0.03,0.08,0.34,0.34,0.08,0.03,0.02,0.03
0.06,0.02,0.02,0.04,0.36,0.36,0.04,0.02,0.02,0.06
0.03,0.02,0.03,0.08,0.34,0.34,0.08,0.03,0.02,0.03
0.06,0.02,0.02,0.04,0.36,0.36,0.04,0.02,0.02,0.06
0.03,0.02,0.03,0.08,0.34,0.34,0.08,0.03,0.02,0.03
0.00497667,0.0760477,0.184442,0.370001,0.359524,1.18279e-008,1.18754e-005,1.18335e-005,7.96155e-006,0.00497667
1.5876e-005,3.13015e-006,7.65058e-007,0.00396439,0.995998,3.51889e-010,1.66563e-007,2.46104e-007,1.59188e-006,1.5876e-005
8.85902e-006,1.27595e-006,0.000264719,0.00198815,0.997727,1.90785e-010,6.3762e-008,2.15884e-008,6.20157e-007,8.85902e-006
1.68015e-010,3.31243e-011,2.21068e-008,8.52541e-008,1,3.70254e-015,2.15274e-013,8.37049e-013,1.40083e-011,1.68015e-010
4.78715e-006,3.27955e-007,8.4269e-005,0.00113071,0.998775,9.99312e-011,3.62591e-008,7.08307e-009,1.62343e-007,4.78715e-006
7.1848e-011,5.59131e-012,6.11602e-009,4.33158e-008,1,9.75003e-016,6.0763e-014,2.18112e-013,2.30668e-012,7.1848e-011
6.09399e-011,2.79315e-012,3.05849e-009,4.33292e-008,1,4.8758e-016,3.03955e-014,1.09057e-013,1.15213e-012,6.09399e-011
3.88578e-016,1.70214e-022,1.95043e-024,2.36266e-021,1,2.01177e-023,4.64821e-023,3.31852e-025,7.02107e-023,3.88578e-016
2.51136e-006,6.00666e-008,3.88996e-005,0.000603971,0.999352,5.12228e-011,1.93662e-008,2.49518e-009,3.00342e-008,2.51136e-006
3.17146e-011,9.03624e-013,1.64371e-009,2.18544e-008,1,2.51031e-016,1.64729e-014,5.5887e-014,4.51565e-013,3.17146e-011
2.8673e-011,4.51403e-013,8.21925e-010,2.18579e-008,1,1.25526e-016,8.23844e-015,2.79435e-014,2.25593e-013,2.8673e-011
3.33067e-016,3.05394e-022,5.76074e-011,2.26803e-008,1,3.93921e-033,1.64298e-029,2.4771e-024,3.38569e-024,3.33067e-016
2.71491e-011,2.25599e-013,4.10979e-010,2.18597e-008,1,6.27659e-017,4.11972e-015,1.39718e-014,1.12749e-013,2.71491e-011
5e-021,6.12488e-024,1.27237e-026,1.5271e-022,1,1.19495e-024,8.4656e-025,3.17809e-027,3.06107e-024,5e-021
5.54668e-032,3.33067e-016,2.32817e-010,2.32817e-010,1,6.51369e-032,5.10377e-025,5.10377e-025,3.33067e-016,5.54668e-032
5e-021,4.99655e-016,1.66533e-016,1.68604e-008,1,4.03985e-066,3.32444e-056,4.10042e-050,3.60527e-040,5e-021
1.29469e-006,5.13095e-008,0.000342386,0.0249071,0.974748,3.10853e-014,2.59113e-011,1.09783e-008,3.29053e-012,1.29469e-006
1.95651e-012,6.06623e-010,7.26191e-008,0.0252521,0.974748,2.47832e-028,1.83402e-019,6.90929e-017,1.90501e-014,1.95639e-012
9.86029e-013,2.90748e-010,2.57552e-011,4.1854e-008,1,9.18378e-020,3.45652e-017,1.9928e-016,9.32794e-015,9.86009e-013
5.00024e-021,1.20122e-025,4.17032e-024,4.81889e-022,1,2.18995e-027,1.42224e-026,4.45117e-028,2.89701e-026,5.00024e-021
4.8539e-013,1.4849e-010,0.0958306,0.156092,0.748077,5.5211e-018,5.5211e-018,6.3379e-018,4.76585e-015,4.8539e-013
6.19404e-019,0.0531739,0.0426567,0.156092,0.748077,9.30501e-050,9.30501e-050,3.92711e-050,3.61784e-027,4.02834e-019
0.000768429,0.0188283,0.00250002,0.516565,0.461338,3.47446e-068,2.2186e-035,1.70265e-036,1.28231e-035,1e-020
0.0770023,0.0371248,0.302022,0.122513,0.461338,6.54177e-136,2.79352e-132,1.75636e-114,4.82873e-103,5e-021
2.42473e-013,6.90694e-022,6.90368e-022,7.43253e-011,1,8.69281e-018,2.38315e-015,4.42716e-026,4.42925e-026,2.42473e-013
3.33067e-016,1.66765e-036,1.79971e-023,5.6235e-011,1,2.60781e-033,3.2658e-028,5.77055e-028,8.44829e-037,3.33067e-016
3.33067e-016,9.02474e-024,2.44412e-013,1.21014e-013,1,2.68146e-031,2.62958e-031,1.64901e-028,2.88414e-028,3.33067e-016
2.22045e-016,2.73981e-029,1.64901e-028,2.22045e-016,1,6.08477e-059,5.89643e-047,3.2769e-044,9.86878e-044,2.22045e-016
5e-021,8.53992e-018,3.8403e-011,1.11207e-007,1,1.70016e-041,1.25221e-028,1.25221e-028,2.78511e-035,5e-021
5e-021,8.55992e-018,3.8403e-011,1.11207e-007,1,5.30004e-088,3.90364e-075,3.90364e-075,2.50574e-048,5e-021
5e-021,7.3728e-022,1.13315e-007,1.13315e-007,1,1.22129e-094,2.7394e-067,2.7394e-067,2.50508e-048,5e-021
5e-021,1.69973e-027,1.28403e-014,2.2663e-007,1,3.72887e-189,1.52972e-142,1.3697e-087,2.50508e-068,5e-021
0.0030203,0.0799804,0.185919,0.36852,0.359524,5.91395e-009,5.91403e-006,5.96422e-006,4.20792e-006,0.0030203
6.28875e-006,1.60897e-006,4.23994e-007,0.00241362,0.997571,9.4968e-011,5.2714e-008,1.35784e-007,8.1945e-007,6.28875e-006
3.59542e-006,6.88388e-007,1.25077e-005,0.00135655,0.998623,5.19091e-011,2.44484e-008,2.85513e-009,3.3301e-007,3.59542e-006
4.07789e-011,2.59353e-012,1.93715e-012,3.00553e-008,1,7.25232e-016,1.47357e-013,1.52899e-013,1.22504e-012,4.07789e-011
1.97312e-006,1.9232e-007,1.27261e-005,0.000723692,0.999259,2.73011e-011,1.23313e-008,1.63213e-009,9.47248e-008,1.97312e-006
1.82181e-011,5.9991e-013,1.55902e-009,1.39582e-008,1,1.06743e-016,1.00581e-014,2.95555e-014,8.07085e-014,1.80255e-011
1.59397e-011,2.99976e-013,7.79585e-010,1.39811e-008,1,5.30441e-017,5.0308e-015,1.47778e-014,4.03545e-014,1.58434e-011
5.06352e-021,1.08094e-022,5.03119e-015,1.47928e-008,1,7.03419e-034,2.15722e-026,6.89021e-025,2.60267e-024,5.06275e-021
1.04437e-006,4.52457e-008,1.45548e-005,0.000373433,0.99961,1.40225e-011,6.13951e-009,9.31908e-010,2.25067e-008,1.04437e-006
8.13328e-012,2.21777e-013,4.18389e-010,7.07004e-009,1,2.76735e-017,2.72107e-015,7.62476e-015,6.83123e-014,8.13328e-012
7.57328e-012,1.10891e-013,2.09205e-010,7.07073e-009,1,1.38375e-017,1.36073e-015,3.81238e-015,3.41563e-014,7.57328e-012
2.22045e-016,1.34782e-023,3.75987e-009,3.53537e-009,1,4.78692e-035,4.70729e-033,9.00321e-026,1.42336e-025,2.22045e-016
7.293e-012,5.54461e-014,1.04605e-010,7.07108e-009,1,6.91894e-018,6.80416e-016,1.90619e-015,1.70782e-014,7.293e-012
5.00041e-021,7.73422e-022,6.80471e-016,1.19265e-010,1,2.36585e-033,4.1336e-028,2.94501e-026,4.95585e-026,5.00012e-021
9.43537e-030,1.00002e-020,8.83903e-030,3.55615e-021,1,3.97115e-026,2.36814e-036,8.8389e-030,1.00001e-020,9.43524e-030
5e-021,1.31734e-033,5.96339e-031,3.97121e-026,1,4.06081e-052,5.55404e-046,1.98562e-046,9.13416e-044,5e-021
5.41386e-007,7.90832e-009,1.69371e-005,0.000188165,0.999794,7.10898e-012,3.01669e-009,5.4311e-010,3.95422e-009,5.41386e-007
3.84498e-012,5.53704e-014,1.12262e-010,3.55943e-009,1,7.07198e-018,7.29145e-016,1.94834e-015,2.7681e-014,3.84498e-012
3.70015e-012,2.76793e-014,5.61323e-011,3.55962e-009,1,3.53609e-018,3.64601e-016,9.7417e-016,1.38378e-014,3.70015e-012
5.00353e-021,2.10597e-022,3.64715e-016,3.55089e-011,1,1.50894e-033,1.12436e-028,7.65062e-027,1.38577e-026,5.00347e-021
3.6281e-012,1.38381e-014,2.80665e-011,3.55971e-009,1,1.76807e-018,1.82308e-016,4.87085e-016,6.91825e-015,3.6281e-012
5.00329e-021,5.02061e-026,4.78735e-029,8.6694e-025,1,5.61383e-027,2.55837e-027,1.19656e-029,2.51001e-026,5.00329e-021
1.81815e-032,5.00084e-021,5.00084e-021,1.81435e-032,1,4.0861e-027,1.81435e-032,5.00083e-021,5.00083e-021,1.81814e-032
5e-021,2.92026e-042,1.48272e-038,1.6778e-036,1,1.2213e-044,1.02089e-047,1.07814e-045,2.91471e-042,5e-021
3.60004e-012,1.40333e-011,1.77988e-009,1.77988e-009,1,8.84041e-019,4.55778e-017,4.55778e-017,2.43543e-016,3.59658e-012
5.55112e-017,3.24008e-024,4.33476e-025,2.52361e-023,1,2.34886e-027,4.38382e-028,6.39608e-028,3.23386e-024,5.55112e-017
1.00016e-020,7.95022e-031,2.21023e-019,4.08016e-031,1,5.69816e-024,1.05172e-035,5.6972e-024,2.04929e-035,1.00016e-020
5.55112e-017,1.76306e-039,4.42117e-039,2.05418e-035,1,1.44799e-046,2.43547e-046,1.13962e-043,7.1485e-043,5.55112e-017
9.39419e-017,1.70804e-017,1.11022e-016,1.11022e-016,1,8.97439e-028,1.11022e-016,1.11022e-016,1.70804e-017,9.39419e-017
4.16334e-017,6.93889e-017,2.2205e-016,5e-021,1,8.18867e-044,1.84384e-048,1.17392e-043,6.93889e-017,4.16334e-017
2.46716e-017,3.70074e-017,1.23358e-017,3.70074e-017,1,9.96358e-044,3.70074e-017,1.23358e-017,3.70074e-017,2.46716e-017
1.11022e-016,1.41359e-059,1.21617e-044,1.21617e-044,1,5.75597e-064,2.01683e-083,3.74761e-077,4.20761e-064,1.11022e-016
2.78807e-007,5.43015e-009,0.0001114,0.0138178,0.98607,4.03755e-015,3.57551e-012,1.78597e-009,1.74115e-013,2.78807e-007
1.03366e-013,4.3445e-011,3.55121e-012,8.74276e-009,1,4.3338e-021,2.02099e-018,2.81948e-017,6.97166e-016,1.03364e-013
5.28473e-014,2.17338e-011,3.56334e-012,4.73917e-007,1,5.0654e-019,5.06537e-019,1.41705e-017,3.48588e-016,5.2847e-014
5e-021,1.11976e-011,1.44302e-011,4.73917e-007,1,8.67168e-043,8.67165e-043,3.22642e-040,3.3694e-029,5e-021
2.59237e-014,3.23265e-015,3.20071e-013,1.09219e-011,1,1.32706e-018,1.75437e-016,5.14126e-018,4.91438e-017,2.59237e-014
5e-021,1.52684e-015,3.72174e-013,0.000810598,0.999189,1.02613e-047,4.40273e-037,1.36124e-034,1.37499e-029,5e-021
4.996e-016,2.7839e-016,2.70631e-016,0.000205587,0.999794,4.21413e-033,6.13025e-035,3.35523e-030,3.45143e-030,4.996e-016
5e-021,0.000205587,1.34531e-015,0.000202639,0.999592,4.02951e-083,4.02951e-083,3.58387e-078,3.782e-045,5e-021
1.12133e-014,5.63039e-012,0.212498,0.152778,0.634724,4.28787e-032,2.44392e-019,4.42959e-019,1.16995e-016,1.12133e-014
1.66548e-016,1.15383e-012,0.0413326,0.323943,0.634724,7.24167e-064,1.84969e-050,1.18113e-037,3.26903e-030,1.66541e-016
9.37157e-014,0.00345245,0.0102999,0.351523,0.634724,3.62083e-064,2.3525e-038,2.63562e-038,8.50407e-021,1.49593e-021
1.27364e-013,0.000133159,0.212364,0.152778,0.634724,5.16383e-128,1.17727e-114,2.29875e-084,8.71915e-076,5e-021
5e-021,4.53208e-027,4.53208e-027,4.53208e-027,1,5.82776e-031,9.5024e-032,9.5024e-032,9.5024e-032,5e-021
3.125e-021,1.25e-021,6.25e-022,3.80096e-031,1,4.87752e-051,3.80096e-051,6.25e-022,1.25e-021,3.125e-021
1.5e-020,4.83065e-051,1.63333e-052,2.5e-041,1,2.5e-041,2.5e-041,1.63333e-052,4.83065e-051,1.5e-020
5e-021,2.33366e-051,4.66732e-051,2e-020,1,2.02189e-113,9.15004e-076,1.8241e-075,9.13158e-076,5e-021
2.83107e-015,2.80633e-024,7.24365e-013,2.09415e-012,1,3.49887e-019,4.38865e-017,1.51803e-017,1.17623e-028,2.83107e-015
5e-021,1.45456e-012,6.84891e-013,6.84891e-013,1,3.06052e-038,2.51098e-036,2.51098e-036,6.65469e-031,5e-021
5e-021,1.09207e-027,1.50236e-015,2.88658e-015,1,1.31429e-034,2.52494e-034,3.32353e-031,2.41714e-043,5e-021
5e-021,8.20004e-031,4.02504e-029,5.55112e-017,1,2.10355e-052,1.08034e-050,3.57777e-051,3.88608e-047,5e-021
5e-021,4.3697e-013,1.75873e-013,1.75873e-013,1,1.87384e-036,1.61198e-037,1.61198e-037,1.69665e-031,5e-021
5e-021,2.18485e-013,2.18485e-013,3.51746e-013,1,8.77816e-073,3.02059e-073,7.94809e-068,8.11098e-049,5e-021
1.11111e-021,5.55556e-022,3.33333e-021,1.02747e-067,1,3.7586e-049,1.1612e-082,3.33333e-021,5.55556e-022,1.11111e-021
5e-021,6.41083e-054,4.25226e-052,4.25226e-052,1,6.5873e-071,3.50572e-071,3.50572e-071,3.62261e-069,5e-021
2.77556e-016,4.44089e-016,1.66533e-016,2.77556e-016,1,7.58581e-032,2.77556e-016,1.66533e-016,4.44089e-016,2.77556e-016
1.66533e-016,1.11022e-016,6.66134e-016,4.996e-016,1,2.73713e-047,1.89494e-047,2.52658e-047,4.21097e-048,1.66533e-016
5.20417e-017,1.21431e-016,1.04083e-016,1.38363e-029,1,2.10549e-047,4.04062e-046,1.04083e-016,1.21431e-016,5.20417e-017
2.22045e-016,1.94314e-045,4.16001e-032,7.70372e-033,1,1.40254e-063,1.46097e-064,7.88926e-064,4.76649e-062,2.22045e-016
5.55112e-016,5.37522e-016,5.37522e-016,0.00226339,0.997737,6.84492e-079,2.30234e-079,4.21101e-048,4.21101e-048,5.55112e-016
2.77556e-017,2.77556e-017,1.42692e-015,2.68153e-016,1,4.804e-127,4.804e-127,4.0622e-094,2.77556e-017,2.77556e-017
5e-021,2.62455e-011,5.12291e-006,5.12291e-006,0.99999,4.92423e-171,8.96497e-109,8.96497e-109,2.8051e-063,5e-021
5e-021,2.62451e-011,3.32311e-016,5.12291e-006,0.999995,2.2073e-279,2.2073e-279,4.4146e-279,3.02643e-124,5e-021
0.06,0.02,0.02,0.04,0.36,0.36,0.04,0.02,0.02,0.06
0.03,0.02,0.03,0.08,0.34,0.34,0.08,0.03,0.02,0.03
0.06,0.02,0.02,0.04,0.36,0.36,0.04,0.02,0.02,0.06
0.03,0.02,0.03,0.08,0.34,0.34,0.08,0.03,0.02,0.03
0.06,0.02,0.02,0.04,0.36,0.36,0.04,0.02,0.02,0.06
0.03,0.02,0.03,0.08,0.34,0.34,0.08,0.03,0.02,0.03
0.06,0.02,0.02,0.04,0.36,0.36,0.04,0.02,0.02,0.06
0.03,0.02,0.03,0.08,0.34,0.34,0.08,0.03,0.02,0.03
0.06,0.02,0.02,0.04,0.36,0.36,0.04,0.02,0.02,0.06
0.03,0.02,0.03,0.08,0.34,0.34,0.08,0.03,0.02,0.03
0.06,0.02,0.02,0.04,0.36,0.36,0.04,0.02,0.02,0.06
0.03,0.02,0.03,0.08,0.34,0.34,0.08,0.03,0.02,0.03
0.06,0.02,0.02,0.04,0.36,0.36,0.04,0.02,0.02,0.06
0.03,0.02,0.03,0.08,0.34,0.34,0.08,0.03,0.02,0.03
0.06,0.02,0.02,0.04,0.36,0.36,0.04,0.02,0.02,0.06
0.03,0.02,0.03,0.08,0.34,0.34,0.08,0.03,0.02,0.03
0.06,0.02,0.02,0.04,0.36,0.36,0.04,0.02,0.02,0.06
0.03,0.02,0.03,0.08,0.34,0.34,0.08,0.03,0.02,0.03
0.06,0.02,0.02,0.04,0.36,0.36,0.04,0.02,0.02,0.06
0.03,0.02,0.03,0.08,0.34,0.34,0.08,0.03,0.02,0.03
0.06,0.02,0.02,0.04,0.36,0.36,0.04,0.02,0.02,0.06
0.03,0.02,0.03,0.08,0.34,0.34,0.08,0.03,0.02,0.03
0.06,0.02,0.02,0.04,0.36,0.36,0.04,0.02,0.02,0.06
0.03,0.02,0.03,0.08,0.34,0.34,0.08,0.03,0.02,0.03
0.06,0.02,0.02,0.04,0.36,0.36,0.04,0.02,0.02,0.06
0.03,0.02,0.03,0.08,0.34,0.34,0.08,0.03,0.02,0.03
0.06,0.02,0.02,0.04,0.36,0.36,0.04,0.02,0.02,0.06
0.03,0.02,0.03,0.08,0.34,0.34,0.08,0.03,0.02,0.03
0.06,0.02,0.02,0.04,0.36,0.36,0.04,0.02,0.02,0.06
0.03,0.02,0.03,0.08,0.34,0.34,0.08,0.03,0.02,0.03
0.06,0.02,0.02,0.04,0.36,0.36,0.04,0.02,0.02,0.06
0.03,0.02,0.03,0.08,0.34,0.34,0.08,0.03,0.02,0.03
0.06,0.02,0.02,0.04,0.36,0.36,0.04,0.02,0.02,0.06
0.03,0.02,0.03,0.08,0.34,0.34,0.08,0.03,0.02,0.03
0.06,0.02,0.02,0.04,0.36,0.36,0.04,0.02,0.02,0.06
0.03,0.02,0.03,0.08,0.34,0.34,0.08,0.03,0.02,0.03
0.06,0.02,0.02,0.04,0.36,0.36,0.04,0.02,0.02,0.06
0.03,0.02,0.03,0.08,0.34,0.34,0.08,0.03,0.02,0.03
0.06,0.02,0.02,0.04,0.36,0.36,0.04,0.02,0.02,0.06
0.03,0.02,0.03,0.08,0.34,0.34,0.08,0.03,0.02,0.03
0.06,0.02,0.02,0.04,0.36,0.36,0.04,0.02,0.02,0.06
0.03,0.02,0.03,0.08,0.34,0.34,0.08,0.03,0.02,0.03
0.06,0.02,0.02,0.04,0.36,0.36,0.04,0.02,0.02,0.06
0.03,0.02,0.03,0.08,0.34,0.34,0.08,0.03,0.02,0.03
0.06,0.02,0.02,0.04,0.36,0.36,0.04,0.02,0.02,0.06
0.03,0.02,0.03,0.08,0.34,0.34,0.08,0.03,0.02,0.03
0.06,0.02,0.02,0.04,0.36,0.36,0.04,0.02,0.02,0.06
0.03,0.02,0.03,0.08,0.34,0.34,0.08,0.03,0.02,0.03
0.06,0.02,0.02,0.04,0.36,0.36,0.04,0.02,0.02,0.06
0.03,0.02,0.03,0.08,0.34,0.34,0.08,0.03,0.02,0.03
0.06,0.02,0.02,0.04,0.36,0.36,0.04,0.02,0.02,0.06
0.03,0.02,0.03,0.08,0.34,0.34,0.08,0.03,0.02,0.03
0.06,0.02,0.02,0.04,0.36,0.36,0.04,0.02,0.02,0.06
0.03,0.02,0.03,0.08,0.34,0.34,0.08,0.03,0.02,0.03
0.06,0.02,0.02,0.04,0.36,0.36,0.04,0.02,0.02,0.06
0.03,0.02,0.03,0.08,0.34,0.34,0.08,0.03,0.02,0.03
0.06,0.02,0.02,0.04,0.36,0.36,0.04,0.02,0.02,0.06
0.03,0.02,0.03,0.08,0.34,0.34,0.08,0.03,0.02,0.03
0.06,0.02,0.02,0.04,0.36,0.36,0.04,0.02,0.02,0.06
0.03,0.02,0.03,0.08,0.34,0.34,0.08,0.03,0.02,0.03
0.06,0.02,0.02,0.04,0.36,0.36,0.04,0.02,0.02,0.06
0.03,0.02,0.03,0.08,0.34,0.34,0.08,0.03,0.02,0.03
0.06,0.02,0.02,0.04,0.36,0.36,0.04,0.02,0.02,0.06
0.03,0.02,0.03,0.08,0.34,0.34,0.08,0.03,0.02,0.03
0.00252621,0.0804265,0.186476,0.368882,0.359156,1.47699e-009,2.95845e-006,2.99032e-006,2.11581e-006,0.00252621
4.05793e-006,8.08659e-007,2.13544e-007,0.00201912,0.997971,2.2582e-011,2.14293e-008,6.83701e-008,4.11828e-007,4.05793e-006
2.2548e-006,3.46178e-007,6.2656e-006,0.00113655,0.998852,1.22166e-011,1.02425e-008,7.15034e-010,1.67444e-007,2.2548e-006
1.15773e-011,8.10527e-013,4.06438e-013,1.31078e-008,1,9.90796e-017,3.44696e-014,3.2088e-014,3.84565e-013,1.15773e-011
1.2146e-006,9.67253e-008,6.37391e-006,0.000605777,0.999385,6.38988e-012,5.14955e-009,4.08749e-010,4.76379e-008,1.2146e-006
4.8321e-012,1.26159e-013,7.87825e-010,5.5566e-009,1,1.59664e-017,1.95669e-015,7.15231e-015,1.69788e-014,4.77247e-012
4.01447e-012,6.30831e-014,3.93943e-010,5.55745e-009,1,7.98382e-018,9.78572e-016,3.57616e-015,8.48945e-015,3.98466e-012
2.22045e-016,1.01905e-023,4.55589e-015,8.0707e-012,1,1.8198e-032,3.24569e-029,4.21423e-026,2.26723e-025,2.22045e-016
6.35344e-007,2.27574e-008,1.50529e-005,0.000304864,0.999679,3.27267e-012,2.44387e-009,3.5813e-010,1.132e-008,6.35344e-007
2.02604e-012,6.91279e-014,2.08725e-010,2.80155e-009,1,4.10277e-018,5.23618e-016,1.82798e-015,2.55924e-014,2.02604e-012
1.83192e-012,3.45512e-014,1.04367e-010,2.80177e-009,1,2.05147e-018,2.61841e-016,9.13988e-016,1.27899e-014,1.83192e-012
1.66533e-016,1.28039e-024,1.93662e-022,2.61849e-016,1,1.10997e-028,3.35996e-027,1.69599e-027,1.36637e-026,1.66533e-016
1.73378e-012,1.72724e-014,5.21845e-011,2.80189e-009,1,1.02576e-018,1.30928e-016,4.56994e-016,6.39335e-015,1.73378e-012
5.00003e-021,6.40223e-025,2.95844e-011,2.82798e-009,1,2.63044e-037,1.84342e-034,2.49205e-027,3.41621e-027,5.00001e-021
5e-021,1.11022e-016,1.92894e-028,5.56174e-037,1,2.95413e-027,2.96773e-039,1.92894e-028,1.11022e-016,5e-021
5e-021,3.55395e-041,1.63181e-027,1.11495e-038,1,1.98775e-049,1.35895e-058,1.42652e-043,1.89638e-043,5e-021
3.26291e-007,3.97783e-009,8.99766e-006,0.000157542,0.999833,1.65676e-012,1.26287e-009,1.44261e-010,1.98893e-009,3.26291e-007
9.31559e-013,1.26581e-014,5.48394e-011,1.40701e-009,1,1.04174e-018,1.37976e-016,4.63331e-016,6.32795e-015,9.31559e-013
8.80281e-013,6.32722e-015,2.74203e-011,6.63395e-007,0.999999,5.83236e-022,6.95125e-017,2.31665e-016,3.16312e-015,8.80281e-013
5.0002e-021,1.43392e-012,2.78668e-011,6.63395e-007,0.999999,8.50411e-044,2.02711e-038,1.29343e-034,1.41307e-027,5.0002e-021
8.55087e-013,3.16315e-015,1.37103e-011,1.26303e-009,1,2.12185e-018,3.26358e-017,1.15833e-016,1.58134e-015,8.55087e-013
5.00019e-021,7.31498e-026,1.1756e-023,3.26369e-017,1,1.63673e-029,1.36796e-027,9.93218e-029,2.23723e-028,5.00018e-021
3.33067e-016,3.2741e-017,3.23469e-010,3.23469e-010,1,9.2188e-036,4.09159e-030,4.09159e-030,8.45471e-028,3.33067e-016
5e-021,6.98875e-016,3.23469e-010,3.23469e-010,1,2.12466e-071,1.88598e-065,1.88598e-065,2.87439e-043,5e-021
8.40494e-013,1.58146e-015,6.21967e-022,6.85518e-012,1,1.73791e-017,5.79164e-017,5.42341e-027,7.90619e-016,8.40494e-013
5e-021,1.32992e-027,5.77025e-024,1.17484e-023,1,7.41975e-029,8.38576e-034,4.87503e-029,6.64711e-028,5e-021
2.2205e-016,8.41287e-013,6.30329e-013,2.1011e-013,1,3.72444e-033,9.12878e-031,2.73863e-030,5.78149e-029,2.2205e-016
5e-021,8.41731e-013,6.30329e-013,2.1011e-013,1,3.46787e-066,1.69998e-063,5.09994e-063,1.67809e-044,5e-021
5e-021,2e-040,9.37248e-052,2.5e-020,1,5e-021,2.5e-020,9.37248e-052,2e-040,5e-021
5e-021,1.5e-040,7.5e-041,3.44032e-049,1,1.60932e-048,2.14764e-062,7.5e-041,1.5e-040,5e-021
1.11111e-021,5.55556e-022,3.33333e-021,1.75579e-064,1,1.23883e-047,1.57261e-079,3.33333e-021,5.55556e-022,1.11111e-021
5e-021,2.90758e-052,1.34177e-049,1.35634e-049,1,1.52568e-071,7.88426e-072,1.11169e-068,1.12743e-067,5e-021
1.66187e-007,3.62716e-009,8.79605e-005,0.0128842,0.987027,5.06053e-016,8.33112e-013,7.05093e-010,5.81515e-014,1.66187e-007
3.23087e-014,2.00041e-011,4.7833e-009,2.84281e-007,1,2.31871e-022,1.46879e-022,2.85171e-019,1.57123e-016,3.23081e-014
1.62095e-014,2.49931e-023,9.592e-012,8.30485e-013,1,1.42813e-019,1.65434e-018,7.6916e-017,3.88826e-028,1.62094e-014
5e-021,1.629e-014,1.00234e-011,1.37341e-009,1,6.76969e-042,8.51806e-041,1.5441e-036,2.28201e-030,5e-021
9.10387e-015,5.62879e-012,0.00328365,0.00327287,0.993443,2.64968e-029,3.55909e-020,3.58254e-020,3.92874e-017,9.10385e-015
5.55112e-017,1.07824e-005,0.00327287,0.00327287,0.993443,1.76678e-058,4.74634e-049,2.61573e-046,6.4699e-031,5.55112e-017
5e-021,1.22574e-009,1.59768e-007,1.59768e-007,1,2.92371e-052,4.75893e-049,4.75893e-049,2.81219e-031,5e-021
5e-021,1.22574e-009,1.59768e-007,1.59768e-007,1,2.13701e-104,6.95685e-101,6.95685e-101,3.12216e-047,5e-021
6.05072e-015,3.23126e-012,1.24624e-007,0.000992656,0.999007,3.46932e-020,1.01709e-021,2.65796e-025,2.15162e-017,6.05072e-015
1.11022e-016,6.60649e-022,3.38972e-022,2.46529e-007,1,3.1856e-040,1.84626e-031,5.11524e-024,1.21189e-023,1.11022e-016
5e-021,3.14258e-024,3.1457e-024,1.79953e-007,1,9.59948e-032,4.07391e-035,1.30395e-024,1.30266e-024,5e-021
5e-021,5.52969e-028,4.24264e-024,4.24209e-024,1,1.25164e-055,4.80178e-052,4.80329e-052,1.6986e-048,5e-021
2.72618e-014,0.000122541,1.46879e-008,4.4822e-006,0.999873,3.42235e-053,9.02116e-057,4.56771e-059,7.97025e-041,2e-020
5e-021,1.01322e-015,1.92567e-020,1.86059e-008,1,1.34927e-093,1.58816e-081,4.30054e-080,1e-040,5e-021
5e-021,9.45881e-007,1.12339e-006,2.27714e-007,0.999998,2.10577e-106,2.21168e-108,2.40708e-041,2.59292e-041,5e-021
5e-021,3.38954e-008,3.38941e-008,0.00138325,0.998617,1.37546e-238,3.23068e-173,2.63222e-147,5e-061,5e-021
6.42317e-017,1.02299e-012,1.00927e-012,0.000482109,0.999518,1.74638e-020,3.92061e-022,4.87799e-018,4.94426e-018,1.83147e-018
5e-021,1.86205e-030,2.15668e-019,5.76775e-020,1,1.04123e-037,8.33838e-035,1.8177e-032,3.16288e-034,5e-021
5e-021,0.000482109,0.0211409,0.0211409,0.957236,1.38875e-034,4.39579e-033,4.39579e-033,3.85939e-034,5e-021
5e-021,0.000482109,0.000667901,0.0211409,0.977709,3.57052e-099,3.57052e-099,7.82071e-087,9.31639e-053,5e-021
5e-021,0.000177192,0.000147581,0.0109032,0.988772,5.92206e-054,2.03564e-054,1.17725e-033,3.48135e-033,5e-021
5e-021,6.22318e-005,0.000116242,0.0110495,0.988772,8.86726e-108,3.487e-087,3.487e-087,4.65869e-053,5e-021
5e-021,0.000123491,0.000102924,4.28056e-005,0.999731,6.24827e-108,1.46748e-109,2.13201e-108,4.66085e-053,5e-021
5e-021,3.81259e-009,3.71241e-009,0.000269213,0.999731,9.76284e-216,1.52465e-160,8.03134e-128,4.66085e-073,5e-021
2.76319e-006,0.00167627,0.00164278,1.04872e-008,0.996678,1.9746e-020,6.37276e-026,9.98325e-021,1.02371e-020,3.36132e-023
2.76319e-006,0.00167627,0.00164278,1.04872e-008,0.996678,9.7801e-041,6.30249e-046,9.87316e-041,1.01244e-040,5.03321e-021
1.00007e-020,9.80204e-006,1.3643e-010,9.70508e-006,0.99998,1.97853e-074,9.81224e-041,1.37936e-045,1.01876e-040,1.00006e-020
5e-021,9.70969e-008,9.70508e-006,1.67337e-005,0.999973,9.76353e-149,9.68425e-115,9.68425e-115,9.50491e-048,5e-021
0.00165022,0.00492341,0.00330463,0.00327491,0.986847,1.63975e-134,4.98405e-122,9.04435e-025,1.49499e-020,5.04923e-021
5.01647e-021,1.087e-005,0.0098674,0.00327491,0.986847,6.81155e-269,4.14076e-256,4.52212e-045,2.98745e-027,5.01645e-021
5e-021,2.9701e-011,1.08996e-005,2.22747e-011,0.999989,2.51699e-142,6.8121e-047,4.99997e-041,2.72493e-046,5e-021
5.00011e-021,2.9701e-011,3.13295e-011,1.08996e-005,0.999989,1.02237e-296,1.99171e-195,1.99171e-175,6.25e-082,5e-021
0.0015245,0.0824443,0.187204,0.368143,0.359156,7.38497e-010,1.47627e-006,1.50101e-006,1.08724e-006,0.0015245
1.59318e-006,4.09863e-007,1.12183e-007,0.00122046,0.998776,6.02426e-012,6.70171e-009,3.58364e-008,2.08884e-007,1.59318e-006
9.08302e-007,1.79518e-007,3.15307e-006,0.000686977,0.999308,3.28888e-012,3.10819e-009,3.58307e-010,8.66272e-008,9.08302e-007
2.59565e-012,1.71114e-013,1.23094e-013,3.82593e-009,1,1.16228e-017,4.74021e-015,4.90019e-015,8.05599e-014,2.59565e-012
4.9732e-007,5.19623e-008,3.58481e-006,0.000365598,0.99963,1.72839e-012,1.5549e-009,2.16677e-010,2.55276e-008,4.9732e-007
1.13048e-012,2.65169e-014,3.96115e-014,1.97239e-009,1,1.70112e-018,1.26883e-015,2.78702e-015,1.28583e-014,1.13048e-012
9.97591e-013,1.32585e-014,1.98066e-014,1.87199e-009,1,8.50603e-019,6.34436e-016,1.39351e-015,6.42916e-015,9.97591e-013
5.00003e-021,1.88752e-021,2.03704e-012,1.87199e-009,1,1.80881e-037,2.69827e-034,7.97568e-028,6.45542e-028,5.00001e-021
2.62548e-007,1.33061e-008,3.6148e-006,0.000188901,0.999807,8.87336e-013,7.80951e-010,1.15904e-010,6.60157e-009,2.62548e-007
5.1855e-013,1.09919e-014,5.24635e-011,8.96769e-010,1,4.4331e-019,8.54255e-017,2.44395e-016,1.42239e-015,5.1679e-013
4.82097e-013,5.49605e-015,2.62324e-011,8.96813e-010,1,2.21661e-019,4.27158e-017,1.22198e-016,7.11196e-016,4.81217e-013
5.55112e-017,5.74489e-026,4.27282e-017,4.8205e-013,1,5.34306e-032,2.96184e-030,1.79344e-028,9.02948e-028,5.55112e-017
4.6428e-013,2.74805e-015,1.31164e-011,5.48205e-007,0.999999,9.95425e-023,2.14694e-017,6.10988e-017,3.55598e-016,4.6384e-013
2.22045e-016,5.38891e-026,1.27526e-027,5.48219e-007,0.999999,2.47718e-045,2.06564e-028,1.65019e-028,5.3787e-026,2.22045e-016
3.33072e-016,1.78332e-026,3.76507e-014,2.74116e-007,1,2.67141e-040,2.31759e-035,1.03266e-028,4.98841e-041,3.33072e-016
5e-021,1.94916e-014,1.88253e-014,2.74116e-007,1,1.78411e-080,3.12391e-075,6.89666e-069,3.44316e-044,5e-021
1.35545e-007,2.9896e-009,3.85973e-006,9.59562e-005,0.9999,4.49744e-013,3.89548e-010,6.18557e-011,1.49089e-009,1.35545e-007
2.43902e-013,3.37522e-015,1.37536e-011,4.51381e-010,1,1.13014e-019,2.24475e-017,6.21969e-017,9.54415e-016,2.43902e-013
2.35332e-013,1.68762e-015,4.58269e-010,6.78999e-010,1,5.65064e-020,1.47189e-024,4.23226e-017,4.77208e-016,2.35332e-013
5.55112e-017,4.84813e-013,6.78999e-010,2.60574e-005,0.999974,3.09756e-043,4.64304e-040,7.97665e-040,5.94321e-028,5.55112e-017
2.283e-013,2.16432e-026,1.01307e-016,7.42507e-016,1,2.11897e-017,1.88084e-016,5.05207e-017,2.16413e-026,2.283e-013
5.00001e-021,1.8756e-032,2.31283e-029,1.69514e-028,1,4.86341e-030,4.29395e-029,1.15339e-029,9.52706e-033,5.00001e-021
5e-021,2.28608e-026,1.14391e-013,1.7125e-013,1,8.10737e-031,8.09673e-031,1.51739e-030,1.21851e-042,5e-021
5e-021,2.59854e-043,3.13674e-030,2.72531e-029,1,1.06425e-053,3.13674e-050,2.43394e-046,9.26191e-044,5e-021
2.2482e-013,4.21907e-016,1.71923e-012,2.50239e-005,0.999975,2.11513e-018,7.05115e-019,7.77462e-018,1.19302e-016,2.2482e-013
5e-021,1.41012e-018,2.16964e-012,5.00472e-005,0.99995,4.97087e-037,1.49136e-036,3.05948e-030,3.52859e-023,5e-021
1.5e-020,1.88073e-009,2.50227e-005,2.50227e-005,0.99995,2.22865e-045,1.11435e-045,1.11435e-045,2.56455e-030,1.5e-020
5e-021,1.88073e-009,2.50227e-005,2.50227e-005,0.99995,1.24178e-090,1.24178e-090,1.24178e-090,3.05357e-049,5e-021
3.5e-020,7.91919e-015,7.91924e-015,3.1332e-010,1,2.48728e-037,2.48728e-037,6.41137e-031,6.41137e-031,3.5e-020
5e-021,1.5005e-020,1.58385e-014,3.1332e-010,1,1.04126e-081,1.04126e-081,1.88386e-064,4.24103e-050,5e-021
5e-021,8.30174e-020,3.92033e-015,3.92033e-015,1,5.21446e-082,3.12258e-075,3.12258e-075,4.97488e-057,5e-021
5e-021,1.03017e-019,3.92033e-015,3.92033e-015,1,6.79765e-164,8.14127e-157,9.75048e-150,4.97488e-077,5e-021
6.92834e-008,5.1032e-010,4.17276e-006,4.81593e-005,0.999948,2.26429e-013,1.93024e-010,3.34496e-011,2.55161e-010,6.92834e-008
1.16386e-013,8.40776e-016,3.64582e-012,2.26467e-010,1,2.8623e-020,5.92497e-018,1.57775e-017,4.2037e-016,1.16386e-013
1.12854e-013,4.20363e-016,2.28293e-010,1.41959e-005,0.999986,7.15843e-021,7.15317e-021,1.08513e-017,2.10174e-016,1.12854e-013
5e-021,1.40946e-017,4.30043e-010,1.41957e-005,0.999986,1.95715e-044,1.9564e-044,6.97298e-037,8.05174e-029,5e-021
1.10866e-013,9.11464e-013,2.26472e-010,2.62361e-005,0.999974,3.57782e-021,3.57801e-021,1.48129e-018,3.94438e-018,1.10761e-013
4.44089e-016,6.40608e-023,3.00604e-015,1.69161e-013,1,1.01547e-040,2.91634e-039,8.81385e-032,2.0866e-030,4.44089e-016
5.55112e-016,2.29267e-010,3.00757e-015,3.93538e-005,0.999961,1.43321e-048,5.43686e-031,7.13208e-036,5.43679e-031,5.55112e-016
5e-021,2.7763e-016,2.77548e-016,2.62365e-005,0.999974,1.83991e-102,3.56308e-070,1.78154e-070,6.03613e-046,5e-021
1.24809e-023,5.49726e-014,5.49726e-014,4.55733e-013,1,7.44225e-019,1.97219e-018,5.49463e-014,5.49463e-014,1.24749e-023
7.21645e-016,7.40672e-019,5.49483e-014,1.64891e-013,1,4.85635e-039,2.94937e-034,9.14499e-034,8.72112e-031,7.21645e-016
6.66139e-016,1.38656e-033,1.78898e-021,5.71605e-032,1,2.43886e-031,3.34878e-045,1.17341e-026,1.38656e-033,6.66139e-016
5e-021,1.10934e-031,1.1917e-036,2.79652e-033,1,6.56491e-050,1.64421e-046,7.81645e-042,1.10934e-031,5e-021
8.32667e-016,1.42999e-010,1.87588e-015,1.31183e-005,0.999987,5.37467e-049,1.14419e-031,1.50097e-036,1.14419e-031,8.32667e-016
5.55112e-017,2.26338e-020,6.55375e-021,1.31184e-005,0.999987,7.22188e-098,3.58028e-064,8.95073e-065,1.52438e-046,5.55112e-017
2.22045e-016,1.11022e-016,1.79642e-049,1.31184e-005,0.999987,3.20973e-098,5.08127e-047,1.1751e-054,1.11022e-016,2.22045e-016
2.22045e-016,1.34691e-026,1.34691e-026,1.31184e-005,0.999987,2.57563e-196,2.82067e-063,1.41034e-063,1.41034e-063,2.22045e-016
1.25011e-013,5.25426e-017,2.27867e-013,1.74502e-008,1,3.256e-019,4.6514e-020,9.86094e-019,2.62705e-017,1.25011e-013
5e-021,4.6514e-020,2.50178e-013,1.74504e-008,1,2.65038e-038,1.68108e-037,8.36299e-032,2.84101e-027,5e-021
1.11027e-016,3.64492e-013,1.74502e-008,1.74502e-008,1,9.73609e-039,2.04456e-038,2.04456e-038,2.43515e-027,1.11027e-016
5e-021,3.64714e-013,1.74502e-008,1.74502e-008,1,2.36979e-077,9.95303e-077,9.95303e-077,2.70526e-043,5e-021
5e-021,3e-020,1.86056e-019,3.49006e-008,1,4.24871e-033,1.27603e-032,1.6234e-027,3e-020,5e-021
5e-021,1.02109e-026,8.35726e-027,1.5e-020,1,4.86808e-059,1.62269e-059,1.81117e-065,9.01031e-046,5e-021
5e-021,9.14181e-014,8.41294e-027,9.14181e-014,1,2.4679e-060,2.69958e-047,2.48435e-060,2.69958e-047,5e-021
5e-021,2e-020,9.14181e-014,9.14181e-014,1,5.28139e-144,1.2321e-124,1.2321e-124,5.39916e-067,5e-021
6.34413e-017,1.05736e-017,5.28678e-017,1.4803e-016,1,2.49207e-031,1.4803e-016,5.28678e-017,1.05736e-017,6.34413e-017
1.11022e-016,2.64339e-017,1.7975e-016,1.21596e-016,1,1.44112e-047,1.50663e-047,2.22719e-047,3.27528e-048,1.11022e-016
4.16334e-017,8.32667e-017,9.71445e-017,3.4872e-094,1,5.05028e-047,2.78971e-094,9.71445e-017,8.32667e-017,4.16334e-017
7.68616e-017,8.96719e-017,1.02696e-016,1.19349e-016,1,1.43742e-094,8.79595e-064,4.72734e-063,8.96719e-017,7.68616e-017
1.05736e-016,1.05736e-017,5.28678e-017,5.28678e-017,1,4.54889e-051,5.28678e-017,5.28678e-017,1.05736e-017,1.05736e-016
5e-021,2.59052e-016,1.23358e-017,1.35694e-016,1,7.53653e-069,2.7634e-068,2.51218e-069,9.72373e-067,5e-021
5e-021,4.93038e-032,2.22045e-016,2.22045e-016,1,1.30726e-098,2.52514e-067,2.52514e-067,1.12139e-082,5e-021
5e-021,2.22045e-016,2.22045e-016,2.22045e-016,1,1.07239e-208,2.61494e-171,2.61494e-171,2.29941e-120,5e-021
3.54124e-008,3.00364e-010,2.83009e-005,0.00704361,0.992928,6.45126e-017,1.13544e-013,1.13431e-010,2.40773e-015,3.54124e-008
1.38779e-015,1.51557e-012,4.08195e-005,0.00703116,0.992928,1.04788e-033,3.67556e-030,8.16256e-021,5.8521e-018,1.38778e-015
2.0303e-015,8.14736e-013,0.0571083,0.345719,0.597173,7.88178e-035,3.50321e-034,4.08211e-021,2.92636e-018,2.00181e-015
5e-021,6.92105e-015,1.25476e-005,9.11234e-014,0.999987,1.50309e-052,3.10054e-052,4.1659e-042,7.57487e-033,5e-021
4.64219e-013,0.0321884,0.206179,0.0835153,0.678117,6.71145e-035,2.92524e-035,8.11556e-022,1.22971e-021,3.35767e-018
1.11022e-016,0.00144463,0.0146823,0.305756,0.678117,1.66061e-069,1.06041e-055,2.28524e-043,4.9071e-034,1.11022e-016
1.66533e-016,0.0244382,0.255687,0.0417576,0.678117,7.38112e-070,2.18573e-070,2.51293e-056,2.39361e-034,1.66533e-016
5e-021,0.000165231,0.000163507,0.0304227,0.969249,1.32678e-125,1.642e-103,1.77154e-090,5.31487e-050,5e-021
1.10414e-013,3.83763e-015,6.47125e-014,0.0314449,0.968555,1.22728e-020,2.64541e-021,6.29704e-019,3.73432e-020,1.07442e-018
5e-021,3.21081e-019,3.83763e-015,0.0314449,0.968555,1.57239e-053,1.14746e-038,1.57081e-039,1.34282e-033,5e-021
5.59433e-005,0.0102536,0.0013782,0.0076378,0.980674,1.32878e-055,6.46657e-056,1.16312e-021,8.75982e-021,7.70565e-023
0.0065547,0.00511972,0.00127286,0.0131141,0.973939,3.41265e-125,2.92572e-111,6.7253e-111,8.57495e-091,5e-021
0.00592076,0.0321305,0.142579,0.142579,0.676791,9.06875e-071,2.72377e-064,2.72377e-064,9.67867e-022,1.90321e-020
9.98534e-006,0.0380412,0.142579,0.142579,0.676791,3.03795e-141,1.82488e-134,1.82488e-134,2.18506e-066,5.01021e-021
0.00213396,0.0156587,0.0132435,0.158365,0.810599,5.50423e-135,7.65493e-135,2.44454e-092,8.04405e-022,9.19559e-021
0.000221761,0.0052783,0.0153637,0.0360551,0.943081,1.27368e-275,1.27502e-268,1.42482e-232,3.34206e-155,5e-021
5.66214e-015,2.28268e-014,2.28268e-014,2.28268e-014,1,9.20955e-020,9.15816e-020,9.15816e-020,9.15816e-020,5.66214e-015
1.11022e-016,1.13246e-014,4.56537e-014,2.28268e-014,1,2.35973e-041,2.35313e-041,4.70626e-041,2.10059e-033,1.11022e-016
3.33067e-016,1.06585e-014,4.56537e-014,2.28268e-014,1,1.17987e-041,1.17657e-041,2.35313e-041,9.89206e-034,3.33067e-016
5e-021,3.43735e-014,2.28268e-014,2.28268e-014,1,1.94465e-085,1.94192e-085,1.94192e-085,4.39296e-049,5e-021
7.77156e-016,3.88578e-016,2.49183e-022,1.01372e-028,1,6.44415e-036,4.06704e-034,3.64378e-025,3.88578e-016,7.77156e-016
5e-021,3.04314e-037,3.64378e-025,6.10623e-016,1,5.89474e-051,1.96491e-051,5.29888e-049,4.44995e-040,5e-021
5.55112e-017,8.32667e-016,8.32667e-016,2.77556e-016,1,4.46571e-052,4.46571e-052,1.01135e-040,1.01135e-040,5.55112e-017
5e-021,1.27676e-015,8.32667e-016,2.77556e-016,1,6.5452e-113,6.5452e-113,1.48229e-101,4.4913e-056,5e-021
6.10623e-016,8.16969e-012,5.71465e-011,4.04064e-006,0.999996,6.18933e-045,2.06311e-045,6.18256e-035,1.85476e-034,6.10623e-016
5.55112e-017,8.17097e-012,5.71463e-011,4.04064e-006,0.999996,8.51289e-090,4.25644e-090,1.27553e-079,2.52702e-046,5.55112e-017
2.46716e-017,1.23358e-017,4.93432e-017,2.46716e-017,1,1.81782e-049,2.46716e-017,4.93432e-017,1.23358e-017,2.46716e-017
5e-021,5.55112e-017,1.11022e-016,5.55112e-017,1,5.03111e-110,5.08599e-077,1.0172e-076,2.01818e-065,5e-021
5.55112e-016,8.08133e-006,8.08126e-006,1.38269e-015,0.999984,1.94983e-116,1.70972e-069,1.2365e-054,1.23652e-054,5.55112e-016
5.55112e-017,6.53088e-011,8.08126e-006,8.08126e-006,0.999984,9.50472e-233,1.2055e-170,1.2055e-170,1.09825e-069,5.55112e-017
6.16791e-017,4.93432e-017,3.85547e-021,3.2655e-011,1,6.02755e-171,5.70337e-132,5.49123e-070,4.93432e-017,6.16791e-017
5.55112e-017,3.98446e-037,2.22048e-016,1.27249e-031,1,8.59433e-303,8.59433e-303,7.53839e-140,6.09649e-086,5.55112e-017
3.33333e-021,5.55556e-022,1.11111e-021,3.6791e-050,1,1.83427e-019,4.42376e-055,1.11111e-021,5.55556e-022,3.33333e-021
5e-021,3.6791e-070,5.59286e-063,9.32142e-064,1,1.02457e-038,1.12081e-068,6.72486e-068,4.42376e-075,5e-021
5e-021,5.97765e-048,1.12737e-041,1.12737e-041,1,5.24668e-034,4.51851e-047,4.51851e-047,2.98882e-048,5e-021
5e-021,1.49441e-068,1.49441e-068,1e-020,1,2.62334e-054,2.62334e-054,7.47206e-069,7.47206e-069,5e-021
6.25e-022,1.5625e-021,2.8125e-021,1.83191e-031,1,7.87188e-036,7.3412e-037,2.8125e-021,1.5625e-021,6.25e-022
5e-021,1.5266e-051,6.10638e-052,1.5266e-051,1,7.13776e-056,6.11767e-057,2.44707e-057,6.11767e-057,5e-021
1.66667e-021,3.33333e-021,1.83191e-051,1.83191e-051,1,7.13776e-056,7.3412e-057,7.3412e-057,3.33333e-021,1.66667e-021
5e-021,3.66383e-071,1e-020,1e-020,1,1.08313e-111,2.46673e-076,4.67104e-076,1.46824e-076,5e-021
9.52381e-022,2.38095e-022,7.14286e-022,2.85714e-021,1,2.38095e-022,2.85714e-021,7.14286e-022,2.38095e-022,9.52381e-022
7.5e-022,4.25e-021,3.125e-021,8.125e-021,1,1.88296e-056,1.74847e-056,6.72487e-057,4.25e-021,7.5e-022
2.1875e-021,6.25e-022,9.375e-022,1.25e-021,1,4.30392e-056,1.25e-021,9.375e-022,6.25e-022,2.1875e-021
5e-021,1.88123e-072,1.17577e-072,6.5324e-057,1,4.74043e-076,5.59015e-077,4.71177e-078,7.53883e-078,5e-021
5e-021,4.5855e-052,4.5855e-052,4.5855e-052,1,3.75264e-056,1.83759e-057,1.83759e-057,1.83759e-057,5e-021
1.25e-021,3.75e-021,6.87825e-072,1.14637e-071,1,3.56888e-076,4.59398e-077,2.75639e-077,3.75e-021,1.25e-021
1.11111e-021,2.22222e-021,1.66667e-021,4.20536e-143,1,4.30392e-076,3.37051e-148,1.66667e-021,2.22222e-021,1.11111e-021
5e-021,1.14637e-092,1.14637e-092,1.14637e-092,1,4.1661e-096,4.59398e-098,4.59398e-098,4.59398e-098,5e-021
2.1875e-021,6.25e-022,9.375e-022,1.25e-021,1,2.1524e-036,1.25e-021,9.375e-022,6.25e-022,2.1875e-021
5e-021,2.65935e-056,2.65935e-056,1.65304e-064,1,2.1524e-056,6.65981e-089,1.06556e-067,1.06556e-067,5e-021
5e-021,1.00172e-032,3.94692e-027,2.6905e-037,1,1.39523e-070,1.38944e-070,2.01787e-056,1.61708e-048,5e-021
5e-021,2.50431e-053,2.50431e-053,2e-020,1,9.71316e-141,8.0854e-069,4.0427e-069,4.0427e-069,5e-021
1.66667e-021,3.33333e-021,1.76192e-088,7.04769e-088,1,1.07805e-048,2.86196e-092,7.1549e-093,3.33333e-021,1.66667e-021
5e-021,5e-021,1e-020,5e-021,1,1.15826e-112,5.38099e-077,1.0762e-076,1.07805e-068,5e-021
1.11111e-021,3.88889e-021,7.04769e-128,3.31844e-064,1,4.0427e-069,6.73783e-069,2.86196e-132,3.88889e-021,1.11111e-021
5e-021,3.65028e-084,1.65922e-084,5e-041,1,1.68161e-096,1.07625e-096,3.36892e-089,7.41161e-089,5e-021
4.16667e-022,2.08333e-022,2.08333e-022,2.08333e-022,1,2.4256e-020,2.08333e-022,2.08333e-022,2.08333e-022,4.16667e-022
3.0303e-022,1.51515e-022,3.0303e-022,3.0303e-022,1,3.93939e-021,3.0303e-022,3.0303e-022,1.51515e-022,3.0303e-022
6.25e-022,3.125e-022,6.25e-022,3.4375e-021,1,6.63265e-041,3.4375e-021,6.25e-022,3.125e-022,6.25e-022
5e-021,1.21676e-041,1.443e-042,9.01876e-043,1,6.41156e-061,2.79152e-063,4.46643e-063,8.50377e-062,5e-021
4.16667e-022,2.08333e-022,2.08333e-022,2.08333e-022,1,3.95833e-021,2.08333e-022,2.08333e-022,2.08333e-022,4.16667e-022
9.09091e-022,2.72727e-021,6.06061e-022,7.57576e-022,1,2.1524e-096,7.57576e-022,6.06061e-022,2.72727e-021,9.09091e-022
2.1875e-021,6.25e-022,9.375e-022,1.25e-021,1,2.1524e-096,1.25e-021,9.375e-022,6.25e-022,2.1875e-021
5e-021,1.12695e-092,6.26081e-093,1.25216e-093,1,1.90016e-116,1.68156e-118,8.4078e-118,1.5134e-117,5e-021
0.06,0.02,0.02,0.04,0.36,0.36,0.04,0.02,0.02,0.06
0.03,0.02,0.03,0.08,0.34,0.34,0.08,0.03,0.02,0.03
0.06,0.02,0.02,0.04,0.36,0.36,0.04,0.02,0.02,0.06
0.03,0.02,0.03,0.08,0.34,0.34,0.08,0.03,0.02,0.03
0.06,0.02,0.02,0.04,0.36,0.36,0.04,0.02,0.02,0.06
0.03,0.02,0.03,0.08,0.34,0.34,0.08,0.03,0.02,0.03
0.06,0.02,0.02,0.04,0.36,0.36,0.04,0.02,0.02,0.06
0.03,0.02,0.03,0.08,0.34,0.34,0.08,0.03,0.02,0.03
0.06,0.02,0.02,0.04,0.36,0.36,0.04,0.02,0.02,0.06
0.03,0.02,0.03,0.08,0.34,0.34,0.08,0.03,0.02,0.03
0.06,0.02,0.02,0.04,0.36,0.36,0.04,0.02,0.02,0.06
0.03,0.02,0.03,0.08,0.34,0.34,0.08,0.03,0.02,0.03
0.06,0.02,0.02,0.04,0.36,0.36,0.04,0.02,0.02,0.06
0.03,0.02,0.03,0.08,0.34,0.34,0.08,0.03,0.02,0.03
0.06,0.02,0.02,0.04,0.36,0.36,0.04,0.02,0.02,0.06
0.03,0.02,0.03,0.08,0.34,0.34,0.08,0.03,0.02,0.03
0.06,0.02,0.02,0.04,0.36,0.36,0.04,0.02,0.02,0.06
0.03,0.02,0.03,0.08,0.34,0.34,0.08,0.03,0.02,0.03
0.06,0.02,0.02,0.04,0.36,0.36,0.04,0.02,0.02,0.06
0.03,0.02,0.03,0.08,0.34,0.34,0.08,0.03,0.02,0.03
0.06,0.02,0.02,0.04,0.36,0.36,0.04,0.02,0.02,0.06
0.03,0.02,0.03,0.08,0.34,0.34,0.08,0.03,0.02,0.03
0.06,0.02,0.02,0.04,0.36,0.36,0.04,0.02,0.02,0.06
0.03,0.02,0.03,0.08,0.34,0.34,0.08,0.03,0.02,0.03
0.06,0.02,0.02,0.04,0.36,0.36,0.04,0.02,0.02,0.06
0.03,0.02,0.03,0.08,0.34,0.34,0.08,0.03,0.02,0.03
0.06,0.02,0.02,0.04,0.36,0.36,0.04,0.02,0.02,0.06
0.03,0.02,0.03,0.08,0.34,0.34,0.08,0.03,0.02,0.03
0.06,0.02,0.02,0.04,0.36,0.36,0.04,0.02,0.02,0.06
0.03,0.02,0.03,0.08,0.34,0.34,0.08,0.03,0.02,0.03
0.06,0.02,0.02,0.04,0.36,0.36,0.04,0.02,0.02,0.06
0.03,0.02,0.03,0.08,0.34,0.34,0.08,0.03,0.02,0.03
0.06,0.02,0.02,0.04,0.36,0.36,0.04,0.02,0.02,0.06
0.03,0.02,0.03,0.08,0.34,0.34,0.08,0.03,0.02,0.03
0.06,0.02,0.02,0.04,0.36,0.36,0.04,0.02,0.02,0.06
0.03,0.02,0.03,0.08,0.34,0.34,0.08,0.03,0.02,0.03
0.06,0.02,0.02,0.04,0.36,0.36,0.04,0.02,0.02,0.06
0.03,0.02,0.03,0.08,0.34,0.34,0.08,0.03,0.02,0.03
0.06,0.02,0.02,0.04,0.36,0.36,0.04,0.02,0.02,0.06
0.03,0.02,0.03,0.08,0.34,0.34,0.08,0.03,0.02,0.03
0.06,0.02,0.02,0.04,0.36,0.36,0.04,0.02,0.02,0.06
0.03,0.02,0.03,0.08,0.34,0.34,0.08,0.03,0.02,0.03
0.06,0.02,0.02,0.04,0.36,0.36,0.04,0.02,0.02,0.06
0.03,0.02,0.03,0.08,0.34,0.34,0.08,0.03,0.02,0.03
0.06,0.02,0.02,0.04,0.36,0.36,0.04,0.02,0.02,0.06
0.03,0.02,0.03,0.08,0.34,0.34,0.08,0.03,0.02,0.03
0.06,0.02,0.02,0.04,0.36,0.36,0.04,0.02,0.02,0.06
0.03,0.02,0.03,0.08,0.34,0.34,0.08,0.03,0.02,0.03
0.06,0.02,0.02,0.04,0.36,0.36,0.04,0.02,0.02,0.06
0.03,0.02,0.03,0.08,0.34,0.34,0.08,0.03,0.02,0.03
0.06,0.02,0.02,0.04,0.36,0.36,0.04,0.02,0.02,0.06
0.03,0.02,0.03,0.08,0.34,0.34,0.08,0.03,0.02,0.03
0.06,0.02,0.02,0.04,0.36,0.36,0.04,0.02,0.02,0.06
0.03,0.02,0.03,0.08,0.34,0.34,0.08,0.03,0.02,0.03
0.06,0.02,0.02,0.04,0.36,0.36,0.04,0.02,0.02,0.06
0.03,0.02,0.03,0.08,0.34,0.34,0.08,0.03,0.02,0.03
0.06,0.02,0.02,0.04,0.36,0.36,0.04,0.02,0.02,0.06
0.03,0.02,0.03,0.08,0.34,0.34,0.08,0.03,0.02,0.03
0.06,0.02,0.02,0.04,0.36,0.36,0.04,0.02,0.02,0.06
0.03,0.02,0.03,0.08,0.34,0.34,0.08,0.03,0.02,0.03
0.06,0.02,0.02,0.04,0.36,0.36,0.04,0.02,0.02,0.06
0.03,0.02,0.03,0.08,0.34,0.34,0.08,0.03,0.02,0.03
0.06,0.02,0.02,0.04,0.36,0.36,0.04,0.02,0.02,0.06
0.03,0.02,0.03,0.08,0.34,0.34,0.08,0.03,0.02,0.03
0.06,0.02,0.02,0.04,0.36,0.36,0.04,0.02,0.02,0.06
0.03,0.02,0.03,0.08,0.34,0.34,0.08,0.03,0.02,0.03
0.06,0.02,0.02,0.04,0.36,0.36,0.04,0.02,0.02,0.06
0.03,0.02,0.03,0.08,0.34,0.34,0.08,0.03,0.02,0.03
0.06,0.02,0.02,0.04,0.36,0.36,0.04,0.02,0.02,0.06
0.03,0.02,0.03,0.08,0.34,0.34,0.08,0.03,0.02,0.03
0.06,0.02,0.02,0.04,0.36,0.36,0.04,0.02,0.02,0.06
0.03,0.02,0.03,0.08,0.34,0.34,0.08,0.03,0.02,0.03
0.06,0.02,0.02,0.04,0.36,0.36,0.04,0.02,0.02,0.06
0.03,0.02,0.03,0.08,0.34,0.34,0.08,0.03,0.02,0.03
0.06,0.02,0.02,0.04,0.36,0.36,0.04,0.02,0.02,0.06
0.03,0.02,0.03,0.08,0.34,0.34,0.08,0.03,0.02,0.03
0.06,0.02,0.02,0.04,0.36,0.36,0.04,0.02,0.02,0.06
0.03,0.02,0.03,0.08,0.34,0.34,0.08,0.03,0.02,0.03
0.06,0.02,0.02,0.04,0.36,0.36,0.04,0.02,0.02,0.06
0.03,0.02,0.03,0.08,0.34,0.34,0.08,0.03,0.02,0.03
0.06,0.02,0.02,0.04,0.36,0.36,0.04,0.02,0.02,0.06
0.03,0.02,0.03,0.08,0.34,0.34,0.08,0.03,0.02,0.03
0.06,0.02,0.02,0.04,0.36,0.36,0.04,0.02,0.02,0.06
0.03,0.02,0.03,0.08,0.34,0.34,0.08,0.03,0.02,0.03
0.06,0.02,0.02,0.04,0.36,0.36,0.04,0.02,0.02,0.06
0.03,0.02,0.03,0.08,0.34,0.34,0.08,0.03,0.02,0.03
0.06,0.02,0.02,0.04,0.36,0.36,0.04,0.02,0.02,0.06
0.03,0.02,0.03,0.08,0.34,0.34,0.08,0.03,0.02,0.03
0.06,0.02,0.02,0.04,0.36,0.36,0.04,0.02,0.02,0.06
0.03,0.02,0.03,0.08,0.34,0.34,0.08,0.03,0.02,0.03
0.06,0.02,0.02,0.04,0.36,0.36,0.04,0.02,0.02,0.06
0.03,0.02,0.03,0.08,0.34,0.34,0.08,0.03,0.02,0.03
0.06,0.02,0.02,0.04,0.36,0.36,0.04,0.02,0.02,0.06
0.03,0.02,0.03,0.08,0.34,0.34,0.08,0.03,0.02,0.03
0.06,0.02,0.02,0.04,0.36,0.36,0.04,0.02,0.02,0.06
0.03,0.02,0.03,0.08,0.34,0.34,0.08,0.03,0.02,0.03
0.06,0.02,0.02,0.04,0.36,0.36,0.04,0.02,0.02,0.06
0.03,0.02,0.03,0.08,0.34,0.34,0.08,0.03,0.02,0.03
0.06,0.02,0.02,0.04,0.36,0.36,0.04,0.02,0.02,0.06
0.03,0.02,0.03,0.08,0.34,0.34,0.08,0.03,0.02,0.03
0.06,0.02,0.02,0.04,0.36,0.36,0.04,0.02,0.02,0.06
0.03,0.02,0.03,0.08,0.34,0.34,0.08,0.03,0.02,0.03
0.06,0.02,0.02,0.04,0.36,0.36,0.04,0.02,0.02,0.06
0.03,0.02,0.03,0.08,0.34,0.34,0.08,0.03,0.02,0.03
0.06,0.02,0.02,0.04,0.36,0.36,0.04,0.02,0.02,0.06
0.03,0.02,0.03,0.08,0.34,0.34,0.08,0.03,0.02,0.03
0.06,0.02,0.02,0.04,0.36,0.36,0.04,0.02,0.02,0.06
0.03,0.02,0.03,0.08,0.34,0.34,0.08,0.03,0.02,0.03
0.06,0.02,0.02,0.04,0.36,0.36,0.04,0.02,0.02,0.06
0.03,0.02,0.03,0.08,0.34,0.34,0.08,0.03,0.02,0.03
0.06,0.02,0.02,0.04,0.36,0.36,0.04,0.02,0.02,0.06
0.03,0.02,0.03,0.08,0.34,0.34,0.08,0.03,0.02,0.03
0.06,0.02,0.02,0.04,0.36,0.36,0.04,0.02,0.02,0.06
0.03,0.02,0.03,0.08,0.34,0.34,0.08,0.03,0.02,0.03
0.06,0.02,0.02,0.04,0.36,0.36,0.04,0.02,0.02,0.06
0.03,0.02,0.03,0.08,0.34,0.34,0.08,0.03,0.02,0.03
0.06,0.02,0.02,0.04,0.36,0.36,0.04,0.02,0.02,0.06
0.03,0.02,0.03,0.08,0.34,0.34,0.08,0.03,0.02,0.03
0.06,0.02,0.02,0.04,0.36,0.36,0.04,0.02,0.02,0.06
0.03,0.02,0.03,0.08,0.34,0.34,0.08,0.03,0.02,0.03
0.06,0.02,0.02,0.04,0.36,0.36,0.04,0.02,0.02,0.06
0.03,0.02,0.03,0.08,0.34,0.34,0.08,0.03,0.02,0.03
0.06,0.02,0.02,0.04,0.36,0.36,0.04,0.02,0.02,0.06
0.03,0.02,0.03,0.08,0.34,0.34,0.08,0.03,0.02,0.03
0.06,0.02,0.02,0.04,0.36,0.36,0.04,0.02,0.02,0.06
0.03,0.02,0.03,0.08,0.34,0.34,0.08,0.03,0.02,0.03
0.06,0.02,0.02,0.04,0.36,0.36,0.04,0.02,0.02,0.06
0.03,0.02,0.03,0.08,0.34,0.34,0.08,0.03,0.02,0.03
0.00127277,0.0826742,0.187483,0.368323,0.358971,1.8453e-010,7.3831e-007,7.5153e-007,5.4515e-007,0.00127277
1.02594e-006,2.05462e-007,5.62959e-008,0.00101902,0.998979,1.43038e-012,2.71794e-009,1.79811e-008,1.0471e-007,1.02594e-006
5.68864e-007,7.98006e-008,1.02171e-008,0.000575603,0.999423,7.72963e-013,1.38828e-009,3.33909e-009,4.00965e-008,5.68864e-007
7.48235e-013,5.34385e-014,3.65901e-010,1.38788e-009,1,9.73795e-019,2.22556e-016,8.82376e-016,2.53139e-014,7.48235e-013
3.05953e-007,2.60574e-008,1.79414e-006,0.000305475,0.999692,4.04003e-013,6.49603e-010,5.422e-011,1.28008e-008,3.05953e-007
2.98515e-013,8.14209e-015,8.28197e-015,7.49491e-010,1,6.17935e-019,2.90732e-016,5.82741e-016,3.95742e-015,2.98515e-013
2.54315e-013,4.14112e-015,6.9955e-010,2.45658e-006,0.999998,6.5646e-023,3.08921e-019,1.4537e-016,2.91371e-016,2.52223e-013
5.00002e-021,7.0157e-010,1.22829e-006,1.22829e-006,0.999998,1.07735e-045,5.06986e-042,5.06986e-042,2.99749e-028,5.00002e-021
1.59813e-007,6.6728e-009,1.80907e-006,0.000157762,0.99984,2.0683e-013,3.25701e-010,2.90033e-011,3.31054e-009,1.59813e-007
1.30187e-013,2.29902e-015,2.62991e-011,3.54676e-010,1,6.55798e-020,1.65041e-017,5.84568e-017,2.97349e-016,1.29649e-013
1.17413e-013,1.14953e-015,1.31498e-011,3.54691e-010,1,3.27906e-020,8.25253e-018,2.92284e-017,1.48675e-016,1.17144e-013
5e-021,5.31867e-027,5.87581e-014,1.77134e-013,1,6.1478e-037,2.88555e-033,1.04522e-029,7.17015e-029,5e-021
1.09735e-013,5.74767e-016,1.80636e-010,1.80636e-010,1,1.63955e-020,9.3703e-018,9.3703e-018,7.43375e-017,1.096e-013
2.77556e-016,6.31159e-029,1.09693e-013,5.48673e-014,1,4.5e-034,4.49236e-034,5.02392e-030,8.15378e-030,2.77556e-016
5.55112e-017,1.66533e-016,1.66533e-016,1.65007e-039,1,6.69622e-030,1.65007e-039,1.66533e-016,1.66533e-016,5.55112e-017
1.11022e-016,1.05109e-044,1.66533e-016,1.66533e-016,1,1.79628e-047,8.98139e-048,8.45467e-046,1.35788e-045,1.11022e-016
8.19192e-008,1.49927e-009,1.93378e-006,8.01416e-005,0.999918,1.04683e-013,1.62612e-010,1.54913e-011,7.47665e-010,8.19192e-008
5.93538e-014,7.44136e-016,1.84911e-010,8.22415e-005,0.999918,2.73984e-027,1.6633e-020,1.90864e-017,2.18616e-016,5.93538e-014
5.46847e-014,3.7207e-016,3.40799e-012,4.18427e-008,1,1.07933e-018,1.07716e-018,7.39508e-018,1.09308e-016,5.46847e-014
2.77556e-016,2.15888e-018,7.53769e-018,8.36889e-008,1,1.17532e-042,1.19781e-034,3.83406e-033,9.49185e-029,2.77556e-016
5.47895e-014,1.86035e-016,3.62953e-025,1.704e-012,1,1.07826e-018,3.69754e-018,1.57515e-030,5.46541e-017,5.47895e-014
1.11022e-016,8.65227e-033,4.65653e-029,6.99502e-026,1,1.02853e-030,1.51786e-031,3.43936e-034,7.46766e-034,1.11022e-016
1.5e-020,6.41625e-025,9.61888e-013,8.52001e-013,1,5.8592e-040,1.00563e-039,4.58029e-031,4.58412e-031,1.5e-020
5e-021,5.53849e-048,1.00604e-039,7.21416e-033,1,1.42687e-051,3.43521e-051,7.33252e-052,4.58412e-051,5e-021
4.9849e-014,2.34977e-033,4.65089e-017,4.65089e-017,1,2.3879e-018,1.36635e-017,1.36635e-017,1.27095e-033,4.9849e-014
5e-021,5.03279e-030,1.36635e-017,8.30954e-014,1,1.98732e-032,9.9251e-032,5.55293e-035,1.36241e-030,5e-021
1.66533e-016,2.83676e-019,2.83676e-019,1.30034e-013,1,2.75394e-037,2.75386e-037,2.45111e-031,2.45111e-031,1.66533e-016
5.55112e-017,2.22045e-016,5.67353e-019,1.30034e-013,1,5.61753e-080,5.61737e-080,9.99965e-074,5.44257e-047,5.55112e-017
5.20417e-017,2.25514e-016,2.00705e-014,1.4167e-007,1,2.07517e-031,2.07517e-031,7.08345e-038,2.25514e-016,5.20417e-017
1.11022e-016,3.57739e-016,2.01568e-014,1.4167e-007,1,1.8004e-070,1.8004e-070,7.4917e-056,3.7571e-046,1.11022e-016
2.22045e-016,3.87297e-014,2.27731e-027,3.87297e-014,1,1.02165e-072,1.73554e-059,1.0205e-072,1.73554e-059,2.22045e-016
5.55112e-017,1.95504e-013,8.02819e-014,2.83341e-007,1,1.43793e-171,1.43792e-171,2.65626e-166,7.70733e-075,5.55112e-017
4.1588e-008,2.55925e-010,2.15338e-006,4.02269e-005,0.999958,5.26662e-014,8.06151e-011,8.63095e-012,1.27963e-010,4.1588e-008
2.76884e-014,1.84227e-016,1.77066e-012,8.06151e-011,1,6.08898e-020,1.05934e-018,3.72869e-018,9.2109e-017,2.76884e-014
2.65898e-014,9.21059e-017,4.61207e-014,4.19608e-013,1,1.39973e-018,8.39609e-019,1.85129e-019,4.60509e-017,2.65898e-014
3.33067e-016,4.79152e-017,1.31532e-014,1.31532e-014,1,7.38095e-033,3.68372e-033,3.68372e-033,2.9715e-031,3.33067e-016
2.58682e-014,1.15128e-017,1.15128e-017,2.30255e-017,1,1.21224e-018,1.15123e-017,5.75614e-018,5.75614e-018,2.58682e-014
1.66533e-016,2.30245e-017,1.9947e-014,3.13453e-014,1,1.4323e-035,1.8999e-032,1.20903e-032,2.79124e-035,1.66533e-016
6.16791e-017,1.23358e-017,3.70074e-017,6.10649e-031,1,4.68272e-032,3.05231e-031,3.70074e-017,1.23358e-017,6.16791e-017
1.11022e-016,5e-021,5e-021,5e-021,1,4.99057e-053,4.99057e-053,4.99057e-053,7.56101e-051,1.11022e-016
2.54241e-014,2.3025e-017,2.21335e-013,8.34491e-008,1,7.15087e-025,1.40032e-019,4.66087e-019,1.1512e-017,2.54241e-014
5e-021,2.51029e-026,3.84443e-019,8.34494e-008,1,1.27838e-049,6.27432e-038,3.3415e-032,2.74067e-032,5e-021
1.5e-020,2.08624e-008,2.08624e-008,4.17246e-008,1,6.39188e-050,1.25169e-044,4.79201e-044,3.04109e-032,1.5e-020
5e-021,2.08624e-008,2.08624e-008,4.17246e-008,1,1.0214e-099,4.00033e-094,1.5315e-093,3.04114e-052,5e-021
5.55556e-022,2.77778e-022,2.77778e-022,2.77778e-022,1,2.36111e-020,2.77778e-022,2.77778e-022,2.77778e-022,5.55556e-022
5e-021,5e-041,1.72003e-054,5e-041,1,2e-040,5e-041,1.72003e-054,5e-041,5e-021
5e-021,2.77816e-013,2.08623e-008,2.08623e-008,1,5.00042e-095,2.50021e-095,2.50021e-095,1.5382e-052,5e-021
5e-021,2.77816e-013,2.08623e-008,2.08623e-008,1,3.19215e-195,1.59607e-195,1.59607e-195,1.5382e-072,5e-021
5e-021,1.82077e-014,5.7562e-018,5.7562e-018,1,3.0306e-019,2.87798e-018,2.87798e-018,1.82077e-014,5e-021
5e-021,2.29339e-042,1.04807e-031,5.24036e-032,1,3.17297e-032,2.62007e-032,5.24014e-032,2.29339e-042,5e-021
1.5e-020,9.10983e-015,4.55192e-015,4.55192e-015,1,3.18816e-034,7.96775e-035,7.96775e-035,4.2193e-033,1.5e-020
5e-021,4.55493e-015,9.10683e-015,4.55192e-015,1,7.47939e-073,1.86924e-073,5.13619e-072,1.32447e-052,5e-021
5e-021,1.36602e-034,1.5e-020,1.5e-020,1,1.88329e-031,1.5e-020,1.5e-020,1.36602e-034,5e-021
5e-021,1.5e-020,1.5e-020,9.1068e-015,1,1.03052e-069,2.18876e-058,1.09438e-058,5.91565e-051,5e-021
3.33333e-021,1.66667e-021,4e-020,9.10677e-015,1,8.40052e-072,2.80017e-072,2.0302e-051,1.66667e-021,3.33333e-021
3.125e-021,1.25e-021,6.25e-022,1.5e-020,1,2.15188e-099,2.0302e-071,6.25e-022,1.25e-021,3.125e-021
6.25e-022,2.8125e-021,1.5625e-021,1.40615e-032,1,2.74272e-032,7.02997e-033,1.5625e-021,2.8125e-021,6.25e-022
5e-021,1.42889e-032,1.66667e-021,3.33333e-021,1,1.51262e-052,3.36137e-053,1.68068e-053,1.42889e-052,5e-021
1.66667e-021,3.33333e-021,2.81231e-052,9.80402e-063,1,2.03972e-052,4.34018e-065,1.40599e-052,3.33333e-021,1.66667e-021
5e-021,7.03077e-073,7.03077e-073,7.03077e-073,1,2.39122e-072,3.51498e-073,3.51498e-073,3.51498e-073,5e-021
6.25e-022,3.125e-022,6.25e-022,2.1875e-021,1,1.25e-021,2.1875e-021,6.25e-022,3.125e-022,6.25e-022
5e-021,4.74226e-086,3.33333e-021,1.66667e-021,1,2.58428e-072,2.87143e-073,5.74285e-073,9.48451e-106,5e-021
1.66667e-021,1.11111e-021,2.22222e-021,5e-021,1,2.57028e-072,1.84392e-072,2.22222e-021,1.11111e-021,1.66667e-021
1.25e-021,6.25e-022,1.25e-021,1.875e-021,1,5.01951e-092,1.875e-021,1.25e-021,6.25e-022,1.25e-021
2.10512e-008,2.17398e-010,2.22912e-005,0.00655419,0.993423,8.0751e-018,2.64072e-014,4.46717e-011,8.71337e-016,2.10512e-008
3.33071e-016,6.42223e-013,2.6243e-010,3.31082e-005,0.999967,1.0699e-031,9.10612e-023,1.05482e-021,1.26134e-018,3.33069e-016
1.06937e-020,3.34376e-013,2.74661e-006,2.72859e-006,0.999995,9.06845e-029,2.85564e-022,2.87452e-022,6.30703e-019,1.03469e-020
5e-021,1.88586e-024,1.72661e-024,2.79519e-026,1,2.24509e-040,9.94466e-038,9.58016e-035,2.48293e-034,5e-021
1.27676e-015,1.56994e-013,0.00328157,0.380082,0.616637,1.62007e-037,7.06159e-023,5.92757e-022,3.66486e-019,1.27676e-015
1.11022e-016,2.93146e-016,3.90292e-016,1.30001e-016,1,1.10016e-043,2.32098e-049,7.1249e-049,5.01928e-034,1.11022e-016
1.62366e-006,0.000221042,0.00743825,0.218535,0.773804,1.73941e-071,1.51599e-059,6.26238e-056,9.92193e-021,7.80737e-023
5e-021,1.09588e-008,0.000235119,0.225961,0.773804,7.50254e-146,9.31754e-119,3.16368e-076,2.5e-041,5e-021
2.33147e-015,0.00564367,0.00429658,0.227425,0.762635,6.62568e-021,1.65216e-019,6.01495e-021,8.1401e-021,2.33147e-015
0.00994025,0.0429724,0.114486,0.079728,0.752873,5.68067e-075,1.89032e-057,4.61886e-057,3.61026e-039,1.08328e-020
1.11022e-016,0.256734,0.0325372,0.112454,0.598275,8.56638e-076,5.60256e-076,7.12146e-076,2.06519e-034,1.11022e-016
5.87657e-017,0.0175079,9.52956e-017,0.271763,0.710729,3.66068e-151,7.08132e-092,1.0738e-091,1.06625e-068,5e-021
2.77556e-016,0.1188,0.115874,0.022854,0.742472,2.0953e-036,8.38121e-036,4.24944e-035,5.09258e-035,2.77556e-016
0.0200657,0.045708,0.0987338,0.124764,0.710729,2.85447e-153,1.24225e-111,1.24225e-111,5.3098e-093,5e-021
0.00564367,0.0188819,0.117049,0.0577487,0.800676,3.36036e-112,2.01672e-022,7.79037e-021,1.25671e-021,7.51244e-022
0.16897,0.112166,0.00162686,0.0875939,0.629642,3.14155e-307,1.92993e-307,3.71764e-308,1.52594e-265,5e-021
6.27706e-018,0.12727,0.0190116,0.131591,0.722127,2.73604e-037,4.10172e-020,5.92594e-021,4.67041e-020,6.27706e-018
5e-021,0.0684643,0.269289,0.0882127,0.574034,1.33697e-075,1.18878e-075,1.14e-057,6.47227e-037,5e-021
0.0266792,0.0972157,0.130415,0.05316,0.69253,1.73431e-075,1.02972e-075,4.75063e-021,3.58738e-021,1.66198e-021
0.0637492,0.0944424,0.151029,0.116745,0.574034,4.76392e-152,8.40011e-152,2.65762e-097,2.65762e-097,5e-021
0.0353202,0.133304,0.195844,0.14971,0.485822,8.33386e-078,1.23664e-058,1.99879e-058,3.09916e-058,2e-020
0.0531174,0.103888,0.0577536,0.29942,0.485822,3.57401e-155,2.12135e-135,1.09701e-135,3.1478e-116,5.01454e-021
0.047898,0.243403,0.0195324,0.0843838,0.604783,5.74246e-155,4.51555e-136,1.04522e-136,8.06687e-022,9.19331e-021
0.0905358,0.0316047,0.188693,0.0843838,0.604783,1.36313e-309,8.30482e-291,2.49145e-290,6.24563e-290,5e-021
4.66153e-005,0.00074907,0.012813,0.000512567,0.985879,3.81696e-075,6.18311e-077,3.74685e-020,2.25844e-021,2.73101e-022
5.07547e-021,1.51167e-005,3.85495e-005,0.0135548,0.986392,3.81326e-150,7.56581e-095,2.69362e-040,1.30638e-040,5.07503e-021
0.00716797,0.0496864,0.0952076,0.0460295,0.801909,3.04959e-153,1.4375e-153,2.66811e-097,1.48209e-022,9.85179e-021
0.0173281,0.0409265,0.0468992,0.0929376,0.801909,2.28132e-306,3.55685e-306,2.64066e-250,2.64066e-250,5e-021
5e-021,3.24963e-009,0.000379455,0.0382002,0.96142,1.2749e-153,9.80465e-041,1.95061e-042,2.87822e-045,5e-021
5e-021,2.38083e-022,1.01606e-017,0.000379452,0.999621,7.22346e-174,2.5e-081,3.88867e-061,3.18736e-049,5e-021
0.019106,0.0194736,0.00110768,0.0315258,0.928787,3.67236e-309,1.24358e-309,8.43897e-311,2.30846e-252,1e-020
5e-021,1.20091e-309,7.76653e-009,1.66759e-006,0.999998,1.03741e-256,3.32424e-200,2.5e-041,4.26684e-311,5e-021
3.10399e-018,0.160946,0.265353,0.190943,0.382758,7.99721e-040,2.14974e-022,3.85867e-022,4.63908e-020,3.10399e-018
0.121596,0.0393499,0.360825,0.0954715,0.382758,4.17727e-079,1.1229e-061,5.15398e-061,3.01846e-044,5.08671e-021
0.211542,0.107378,0.20285,0.0954715,0.382758,2.08864e-079,5.61448e-062,1.26294e-061,7.0149e-062,1.00158e-020
0.211542,0.107378,0.20285,0.0954715,0.382758,2.84932e-158,1.53185e-140,3.4458e-140,1.91394e-140,5e-021
0.180639,0.0689591,0.0689591,0.0689591,0.612484,7.98798e-062,2.79152e-062,2.79152e-062,2.79152e-062,2.00026e-020
0.0288427,0.0517808,0.168974,0.137918,0.612484,2.60447e-123,3.05422e-123,6.63585e-123,5.1041e-082,5e-021
0.0711281,0.17847,0.0689591,0.0689591,0.612484,1.30223e-123,7.63554e-124,7.63554e-124,2.57291e-121,1e-020
0.0620305,0.187567,0.0689591,0.0689591,0.612484,6.92187e-247,7.33784e-247,7.33784e-247,5.33358e-244,5e-021
0.133207,0.142057,0.129126,0.212852,0.382758,5.22159e-080,2.09207e-078,3.19988e-062,1.7828e-020,2.21728e-020
0.00154198,0.101017,0.165706,0.084368,0.647366,8.74848e-142,4.29778e-124,1.492e-099,3.53563e-040,5.37706e-021
0.00458093,0.00452737,0.00189269,0.606241,0.382758,8.90412e-160,3.49554e-022,1.84742e-022,4.4191e-022,5.45236e-021
5e-021,0.000897801,0.229423,0.386921,0.382758,5.1784e-319,2.93394e-248,1.0602e-103,1.27551e-041,5e-021
0.00130686,0.0245538,0.049026,0.0421447,0.882969,3.3855e-140,1.1237e-140,1.9163e-021,1.7033e-020,1.05072e-021
5e-021,0.000207805,0.000363666,0.11646,0.882969,8.83231e-282,5.45043e-160,2.09085e-102,1e-040,5e-021
0.0297669,0.02233,0.103817,0.0837064,0.76038,9.81223e-284,4.30334e-282,2.2771e-022,4.13071e-021,5.64158e-021
5e-021,6.49057e-286,6.49057e-286,2.3548e-284,1,2.5e-041,6.49057e-286,3.33473e-286,3.33473e-286,5e-021
0.0695961,0.121426,0.0227981,0.403422,0.382758,2.61079e-080,1.38949e-077,1.28529e-078,1.0101e-077,8e-020
0.111429,0.0314686,0.059285,0.41506,0.382758,4.45206e-160,5.33643e-157,5.37005e-156,7.96296e-156,5e-021
0.387263,0.161018,0.0344804,0.0344804,0.382758,2.22603e-160,2.51417e-159,2.51417e-159,1.14938e-157,1e-020
0.101838,0.0990618,0.381861,0.0344804,0.382758,3.23662e-320,7.28174e-319,1.58109e-315,4.82601e-260,5e-021
0.191338,0.00935562,0.382068,0.0344804,0.382758,1.11301e-160,1.25709e-159,3.45066e-022,2.06868e-023,1.9685e-020
0.387263,0.00310613,0.192392,0.0344804,0.382758,8.0928e-321,1.82043e-319,8.50154e-318,4.09576e-318,5.02235e-021
0.136352,0.174285,0.272125,0.0344804,0.382758,4.0464e-321,9.10217e-320,6.33474e-318,2.78663e-022,9.72134e-021
5e-021,3.73914e-319,0.00530867,0.611933,0.382758,0,2.18723e-320,2.5e-041,3.71093e-320,5e-021
0.0743638,0.131258,0.273698,0.137922,0.382758,5.56507e-161,2.51417e-159,1.93061e-021,2.46756e-021,3.56018e-020
0.10004,0.0342414,0.282222,0.200738,0.382758,2.02073e-321,1.17488e-318,2.37847e-181,1.56118e-180,5.14635e-021
0.183638,0.133005,0.0432553,0.257343,0.382758,1.01283e-321,1.07568e-318,3.61498e-319,3.11548e-318,1e-020
2e-021,3e-021,6.70874e-008,3.39799e-005,0.999966,1.75393e-321,4.76714e-166,2.5e-041,3e-021,2e-021
0.335883,0.207597,0.00324761,0.0352569,0.418015,1.23961e-320,1.18872e-320,2.18377e-321,1.13269e-021,1.88673e-020
5e-021,2.46964e-023,6.93207e-318,1.53206e-005,0.999985,9.87633e-041,1.23674e-042,1.03754e-322,7.64759e-025,5e-021
1.66667e-021,3.33333e-021,1.48045e-009,3.84752e-005,0.999962,2.4999e-041,2.4999e-041,1.92383e-045,3.33333e-021,1.66667e-021
1.25e-021,6.25e-022,1.25e-021,1.875e-021,1,5e-061,1.875e-021,1.25e-021,6.25e-022,1.25e-021
0.00076588,0.0836962,0.187845,0.367955,0.358971,9.22652e-011,3.68786e-007,3.7649e-007,2.76302e-007,0.00076588
4.00967e-007,1.03426e-007,2.88388e-008,0.000613691,0.999385,3.7934e-013,8.44871e-010,9.20076e-009,5.27281e-008,4.00967e-007
2.28278e-007,4.58207e-008,7.91572e-007,0.000345693,0.999653,2.0697e-013,3.91837e-010,4.48779e-011,2.20835e-008,2.28278e-007
1.64091e-013,1.09847e-014,7.75765e-015,4.82636e-010,1,1.83939e-019,1.50303e-016,1.55084e-016,5.16309e-015,1.64091e-013
1.24845e-007,1.34824e-008,8.9987e-007,0.000183939,0.999815,1.08725e-013,1.9597e-010,2.71384e-011,6.61497e-009,1.24845e-007
7.15092e-014,1.72865e-015,2.49601e-015,2.20886e-010,1,7.60477e-020,4.00967e-017,8.81737e-017,8.36788e-016,7.15092e-014
6.35919e-014,1.24803e-015,2.08429e-010,2.60592e-007,1,1.85894e-022,3.78394e-020,2.00487e-017,4.40869e-017,6.3146e-014
5.55112e-017,1.45054e-013,2.08428e-010,2.60592e-007,1,8.63918e-045,3.51707e-042,1.86347e-039,2.94705e-029,5.55112e-017
6.5824e-008,3.57902e-009,9.59453e-007,9.49248e-005,0.999904,5.58051e-014,9.79975e-011,1.49302e-011,1.77334e-009,6.5824e-008
3.30744e-014,7.0864e-016,1.04561e-010,1.39307e-007,1,3.1519e-024,3.37835e-020,1.03844e-017,4.7012e-017,3.29531e-014
2.97405e-014,1.19394e-016,3.54324e-016,1.01279e-010,1,1.68937e-020,5.19225e-018,2.3506e-017,5.87572e-017,2.97405e-014
5e-021,4.46982e-014,1.5344e-014,5.06397e-011,1,2.20004e-038,2.19291e-038,1.26301e-034,1.01188e-030,5e-021
1.27838e-026,3.00357e-014,1.77163e-016,4.10523e-013,1,2.12111e-018,4.83473e-019,1.1753e-017,3.00054e-014,1.27714e-026
5e-021,3.00181e-014,3.02129e-014,8.21045e-013,1,6.70464e-037,7.91754e-037,2.45786e-032,7.26181e-031,5e-021
1.5e-020,1.43504e-017,3.00054e-014,9.96687e-011,1,8.91885e-042,6.33937e-035,6.34275e-035,6.97802e-031,1.5e-020
5e-021,3.16087e-045,1.04689e-044,4.98644e-011,1,1.4135e-076,7.87875e-051,4.55105e-052,9.51077e-049,5e-021
3.39137e-008,8.7552e-010,9.6338e-007,4.82527e-005,0.999951,2.82812e-014,4.9111e-011,7.72247e-012,4.36037e-010,3.39137e-008
1.49167e-014,1.86508e-016,1.7014e-012,6.97997e-008,1,8.03878e-025,6.97754e-019,1.96471e-018,2.37038e-017,1.49018e-014
1.50356e-014,9.32546e-017,5.76835e-011,6.07272e-010,1,8.92986e-022,2.20063e-026,1.33034e-018,1.18519e-017,1.50282e-014
5e-021,2.39808e-014,7.56424e-015,6.64954e-010,1,4.46439e-050,1.99729e-043,3.75945e-043,4.83012e-032,5e-021
1.70804e-017,1.42879e-014,7.42304e-018,4.66274e-017,1,6.6562e-019,5.92596e-018,3.69691e-018,1.42879e-014,1.70804e-017
5.55112e-017,1.06021e-031,9.9964e-035,6.65967e-031,1,9.54791e-033,8.46389e-032,2.54111e-035,5.2802e-032,5.55112e-017
1.11022e-016,2.4991e-035,2.4991e-035,1.63903e-031,1,2.67625e-032,2.08308e-032,6.35277e-036,6.35277e-036,1.11022e-016
5e-021,5.54912e-051,5.54912e-051,7.27877e-047,1,1.3171e-048,9.25072e-048,1.4106e-051,1.4106e-051,5e-021
1.46587e-014,2.33137e-017,2.12677e-013,3.46357e-008,1,4.36111e-020,4.36111e-020,2.45588e-019,2.96298e-018,1.46568e-014
5e-021,4.36111e-020,2.42319e-013,3.46357e-008,1,4.75483e-040,9.50964e-040,5.91668e-033,7.55259e-028,5e-021
1.5e-020,7.33165e-015,2.5977e-008,8.65892e-009,1,2.37742e-040,1.18871e-040,2.41381e-034,3.77632e-028,1.5e-020
5e-021,1.73181e-008,8.65892e-009,8.65892e-009,1,1.41303e-080,1.41302e-080,1.41302e-080,1.0831e-047,5e-021
4.5e-021,1.05e-020,1e-020,9.51022e-037,1,4.40953e-033,2.82948e-055,1e-020,1.05e-020,4.5e-021
5e-021,1e-020,4e-020,3.46359e-008,1,7.50193e-092,7.59996e-066,1.09559e-065,1.41773e-052,5e-021
3.33333e-021,1.66667e-021,3.81857e-041,7.40758e-035,1,3.30715e-053,1.10238e-053,4.74349e-054,1.66667e-021,3.33333e-021
5e-021,9.54642e-062,9.54642e-062,1.48152e-054,1,2.20477e-073,2.44194e-073,1.18587e-074,1.18587e-074,5e-021
1.72698e-008,1.9214e-010,9.95106e-007,2.43181e-005,0.999975,1.42376e-014,2.45246e-011,3.98802e-012,9.5943e-011,1.72698e-008
6.7359e-015,5.18182e-017,2.8953e-011,2.5348e-005,0.999975,5.06783e-029,4.51378e-022,6.76716e-019,1.38615e-017,6.7359e-015
6.43929e-015,2.59092e-017,1.36345e-024,1.10201e-013,1,2.14456e-019,1.24128e-019,1.55422e-030,6.93076e-018,6.43929e-015
5e-021,1.02217e-014,2.23833e-013,1.22622e-011,1,8.50828e-041,8.15338e-041,6.42775e-036,5.84598e-032,5e-021
7.27196e-015,1.29546e-017,1.10201e-013,1.03e-006,0.999999,4.36599e-026,4.51641e-020,1.24128e-019,3.46538e-018,7.27196e-015
5.55112e-017,1.44495e-014,2.65225e-013,5.15e-007,0.999999,4.92966e-046,3.20268e-045,5.09949e-040,2.61965e-032,5.55112e-017
1.5e-020,1.36556e-013,1.2141e-013,5.15e-007,0.999999,2.46483e-046,2.46483e-046,1.27497e-040,1.3128e-032,1.5e-020
5e-021,1.36557e-013,1.2141e-013,5.15e-007,0.999999,1.51885e-092,4.55654e-092,1.5713e-086,9.84603e-053,5e-021
9.15934e-015,6.4773e-018,5.51006e-014,1.08721e-011,1,2.25821e-020,3.723e-026,6.20641e-020,1.73269e-018,9.15934e-015
5e-021,1.12911e-020,9.21668e-015,3.29729e-006,0.999997,6.37439e-041,5.20331e-035,7.78297e-034,3.72298e-026,5e-021
5.55112e-017,1.12911e-020,1.63815e-011,3.29728e-006,0.999997,3.18719e-041,1.5936e-041,4.13912e-034,1.8615e-026,5.55112e-017
5e-021,2.75515e-012,1.36268e-011,3.29728e-006,0.999997,1.90467e-082,1.26978e-082,1.64902e-075,9.19507e-050,5e-021
5e-021,3e-020,8.75173e-035,1.24451e-032,1,1.83534e-032,1.17809e-046,8.75173e-035,3e-020,5e-021
5e-021,1.87745e-032,1.5e-020,1.5e-020,1,5.7367e-061,2.86835e-061,2.86835e-061,5.50869e-052,5e-021
1.66667e-021,3.33333e-021,1.45423e-038,1.16695e-034,1,1.89532e-059,4.60173e-053,1.3765e-052,3.33333e-021,1.66667e-021
5e-021,5e-041,1.5e-040,5e-021,1,1.43418e-081,4.78059e-082,1.40714e-079,1.83668e-072,5e-021
2.97725e-036,3.31865e-018,1.37752e-014,1.37752e-014,1,1.12911e-020,1.5516e-020,1.5516e-020,9.46345e-019,1.57029e-036
5e-021,4.30171e-018,6.88759e-015,6.88759e-015,1,6.78515e-041,2.19538e-041,2.19538e-041,4.04984e-032,5e-021
4.44444e-021,5.55556e-022,1.53908e-029,2.15084e-018,1,1.01247e-032,1.01247e-032,7.2449e-044,5.55556e-022,4.44444e-021
5e-021,2.05249e-032,3.56453e-032,1.5e-020,1,1.00099e-062,8.97895e-062,2.00225e-062,2.31199e-052,5e-021
3.33333e-021,1.66667e-021,5.83452e-034,4.2346e-020,1,1.51899e-041,1.3951e-034,1.9222e-048,1.66667e-021,3.33333e-021
5e-021,2.77293e-034,3.56407e-032,3.56407e-032,1,2.98379e-064,4.9647e-065,4.9647e-065,7.61695e-062,5e-021
1.5e-020,6.88915e-015,4.92018e-026,6.88915e-015,1,2.7214e-073,3.81782e-062,2.72666e-073,3.81782e-062,1.5e-020
5e-021,6.88917e-015,6.88915e-015,3.57096e-012,1,4.69409e-175,3.5767e-172,9.45745e-151,5.72673e-082,5e-021
4.16667e-022,2.08333e-022,2.08333e-022,2.08333e-022,1,1.02083e-020,2.08333e-022,2.08333e-022,2.08333e-022,4.16667e-022
3.0303e-022,4.54545e-022,2.12121e-021,2.12121e-021,1,3.32031e-041,2.12121e-021,2.12121e-021,4.54545e-022,3.0303e-022
3.33333e-021,1.66667e-021,7.17727e-070,2.51312e-035,1,7.02687e-054,6.96839e-055,2.42793e-089,1.66667e-021,3.33333e-021
5e-021,1.88484e-055,6.484e-055,5e-021,1,4.39179e-074,3.61103e-074,1.15016e-074,5.2263e-075,5e-021
5e-021,3.65327e-208,1.91135e-104,9.55677e-104,1,7.72371e-054,6.71263e-107,1.34253e-107,5.13208e-211,5e-021
5e-021,4.14755e-072,1.38252e-072,5e-021,1,5.64712e-074,1.88237e-074,4.85537e-076,1.45661e-075,5e-021
5e-021,9.55677e-145,9.55677e-145,1.38252e-072,1,7.67515e-074,4.85537e-076,6.71263e-148,6.71263e-148,5e-021
5e-021,5e-021,5e-021,5e-021,1,1.88237e-094,1.88237e-094,1.88237e-094,2.07659e-094,5e-021
8.76319e-009,3.24093e-011,1.03522e-006,1.21817e-005,0.999987,7.14332e-015,1.22061e-011,2.0746e-012,1.62047e-011,8.76319e-009
3.5164e-015,1.29199e-017,1.16144e-013,1.42806e-011,1,1.13808e-022,4.72068e-020,1.25492e-019,6.4599e-018,3.5164e-015
3.77476e-015,6.45987e-018,5.80721e-014,1.76111e-008,1,2.55096e-026,2.36604e-020,6.27459e-020,3.2299e-018,3.77476e-015
5e-021,7.92392e-017,6.6093e-014,1.76111e-008,1,1.62684e-052,3.01783e-046,1.02285e-040,1.25823e-033,5e-021
3.28133e-015,9.37522e-016,4.89013e-036,1.61496e-018,1,8.50674e-019,8.0747e-019,3.91209e-036,9.37522e-016,3.28133e-015
5e-021,1.8932e-050,7.05788e-051,3.49627e-033,1,5.43218e-033,1.74812e-033,5.64627e-051,1.8932e-050,5e-021
5e-021,2.11108e-015,1.05471e-015,1.05471e-015,1,3.00206e-038,7.50219e-039,7.50219e-039,2.78596e-034,5e-021
5e-021,2.55517e-015,1.05471e-015,1.05471e-015,1,2.25308e-076,1.1261e-076,1.1261e-076,6.6659e-054,5e-021
2.88658e-015,1.61495e-018,1.45181e-014,3.30864e-006,0.999997,4.43633e-021,1.4788e-021,1.56865e-020,8.07468e-019,2.88658e-015
1.66533e-016,1.47879e-021,2.77639e-015,2.77555e-015,1,1.84624e-039,6.15666e-036,9.67497e-035,7.33914e-027,1.66533e-016
2.77556e-016,1.07594e-033,1.07594e-033,2.95757e-021,1,5.02684e-035,4.89276e-027,5.37922e-034,5.37922e-034,2.77556e-016
2.22045e-016,6.09901e-028,4.89276e-027,2.22045e-016,1,8.65599e-069,3.64175e-058,4.85069e-063,5.43206e-043,2.22045e-016
3.1225e-017,2.08167e-017,7.28584e-017,4.16384e-017,1,1.5e-020,4.16384e-017,7.28584e-017,2.08167e-017,3.1225e-017
5e-021,2.77555e-036,7.68367e-041,2.68366e-041,1,8.27223e-047,2.68366e-041,7.68367e-041,2.77555e-036,5e-021
1.11022e-016,1.09471e-011,3.30863e-006,3.30863e-006,0.999993,4.3443e-104,1.61439e-094,1.61439e-094,2.78662e-055,1.11022e-016
1.11022e-016,1.79097e-033,3.30864e-006,3.30863e-006,0.999993,4.71826e-208,3.50671e-198,5.22104e-110,3.09377e-071,1.11022e-016
4.4964e-015,8.07473e-019,7.25903e-015,6.61728e-006,0.999993,1.47877e-021,1.47879e-021,7.84323e-021,4.03733e-019,4.4964e-015
5.55112e-017,9.1051e-015,4.37956e-011,6.61723e-006,0.999993,5.89527e-052,5.89527e-052,2.1868e-042,1.90298e-033,5.55112e-017
1.11022e-016,1.00458e-066,8.21969e-071,2.19031e-011,1,2.15291e-051,9.28479e-034,5.47975e-071,8.03661e-067,1.11022e-016
5.55112e-017,2.22045e-016,1.09516e-011,1.09516e-011,1,1.15876e-102,1.72186e-086,4.99744e-085,1.03082e-049,5.55112e-017
1.66543e-016,1.65433e-026,1e-020,1.65433e-006,0.999998,7.99778e-036,7.99781e-036,1e-020,1.65433e-026,1.66543e-016
3.125e-021,1.25e-021,6.25e-022,2.22045e-036,1,1e-040,2.22045e-036,6.25e-022,1.25e-021,3.125e-021
4.93432e-017,2.46716e-017,4.93432e-017,9.86865e-017,1,1.61414e-055,9.86865e-017,4.93432e-017,2.46716e-017,4.93432e-017
5e-021,4.34903e-042,2.22045e-016,2.22045e-016,1,8.92108e-128,8.18137e-089,2.68808e-071,8.96026e-072,5e-021
5.55112e-017,4.10518e-012,2.73678e-012,1.65432e-006,0.999998,7.49291e-043,2.49764e-043,8.2638e-049,7.9978e-036,5.55112e-017
5.55112e-017,4.56084e-018,3.39564e-018,1.65433e-006,0.999998,1.24764e-085,1.24764e-085,1.548e-091,8.26381e-049,5.55112e-017
4.31753e-017,1.23358e-017,5.47357e-012,3.30864e-006,0.999997,3.1191e-086,6.23821e-086,4.13191e-049,1.23358e-017,4.31753e-017
5e-021,5.55114e-017,1.36856e-012,3.30864e-006,0.999997,2.43221e-172,3.22197e-135,2.59718e-102,4.58734e-065,5e-021
1.66667e-021,3.33333e-021,4.0783e-038,3.67339e-022,1,4.43967e-052,4.43967e-052,4.92906e-068,3.33333e-021,1.66667e-021
3.125e-021,1.25e-021,6.25e-022,5e-021,1,4.60202e-089,1.53401e-089,6.25e-022,1.25e-021,3.125e-021
1.42857e-021,4.7619e-022,2.85714e-021,2.38095e-022,1,5.11336e-089,2.38095e-022,2.85714e-021,4.7619e-022,1.42857e-021
1.75e-021,3.25e-021,3.125e-021,1.25e-021,1,2.39689e-109,1.91751e-110,4.05873e-109,3.25e-021,1.75e-021
8.60423e-015,4.03736e-019,3.62951e-015,3.57183e-006,0.999996,7.3939e-022,7.39394e-022,3.92161e-021,2.01866e-019,8.60423e-015
5e-021,3.49629e-033,3.66338e-034,7.39392e-022,1,4.09605e-035,1.32049e-027,7.91648e-040,1.74812e-033,5e-021
1e-020,4.80519e-012,1.78591e-006,1.78591e-006,0.999996,6.83374e-044,6.83375e-044,6.83375e-044,6.60246e-028,1e-020
5e-021,1.6157e-012,1.59475e-012,3.57182e-006,0.999996,1.1675e-087,7.00503e-087,2.33501e-087,6.7245e-048,5e-021
1.66533e-016,7.39392e-022,6.50797e-025,1.61344e-012,1,3.17901e-043,3.7904e-036,1.33158e-040,3.30123e-028,1.66533e-016
5e-021,4.4409e-016,8.06721e-013,1.78592e-006,0.999998,2.71557e-087,3.23784e-080,2.81998e-072,7.33021e-044,5e-021
5e-021,2.61815e-029,5.11678e-015,2.39091e-029,1,4.2082e-052,1.96636e-066,4.2082e-052,4.30649e-066,5e-021
5e-021,1.9579e-014,1.78592e-006,1.78591e-006,0.999996,5.32449e-177,4.55571e-175,3.94348e-173,1.62816e-100,5e-021
5e-021,1.99344e-013,5.98031e-013,8.92957e-007,0.999999,8.25307e-029,8.25308e-029,1.10545e-034,3.68483e-035,5e-021
5e-021,3.98687e-013,1.99344e-013,1.78592e-006,0.999998,1.57383e-079,1.70283e-057,1.70283e-057,1.68113e-048,5e-021
5e-021,1.19606e-012,5.34016e-019,7.97374e-013,1,7.04994e-073,1.52056e-063,1.52056e-063,1.6735e-048,5e-021
5e-021,1.78592e-026,5.98031e-013,5.9803e-013,1,1.24254e-145,1.24254e-145,2.85115e-105,1.6735e-068,5e-021
5e-021,1.3954e-012,8.92957e-007,1.33944e-006,0.999998,4.56057e-089,8.29121e-049,8.29121e-049,2.40621e-054,5e-021
5e-021,1.64458e-012,8.92957e-007,1.33944e-006,0.999998,5.1997e-178,1.89063e-137,1.89063e-137,9.91681e-061,5e-021
5e-021,7.97375e-013,1.78592e-006,4.46478e-007,0.999998,1.66391e-178,8.31953e-179,1.51251e-137,1.65824e-068,5e-021
5e-021,1.59475e-012,1.99343e-013,8.92957e-007,0.999999,6.29169e-316,9.43753e-316,3.14584e-316,1.65824e-088,5e-021
5e-021,4.1891e-026,4.1891e-026,4.1891e-026,1,1.55927e-034,1.5957e-047,1.5957e-047,1.5957e-047,5e-021
3.125e-021,1.25e-021,6.25e-022,8.30386e-033,1,4.13007e-061,1.55927e-054,6.25e-022,1.25e-021,3.125e-021
3.88889e-021,1.11111e-021,4.09346e-013,2.04673e-013,1,3.06964e-085,3.06964e-085,1.55927e-054,1.11111e-021,3.88889e-021
5e-021,2e-020,4.09346e-013,2.04673e-013,1,4.99249e-183,4.99249e-183,2.48036e-140,1.55927e-074,5e-021
2.1875e-021,6.25e-022,9.375e-022,1.25e-021,1,1.56454e-054,1.25e-021,9.375e-022,6.25e-022,2.1875e-021
5e-021,1.66667e-021,3.33333e-021,3.33333e-021,1,2.27393e-075,6.49694e-076,6.49694e-076,1.20721e-074,5e-021
1.66667e-021,3.33333e-021,7.67523e-054,7.67523e-054,1,1.27086e-074,1.4684e-075,1.4684e-075,3.33333e-021,1.66667e-021
5e-021,5e-021,5e-021,5e-021,1,2.44294e-095,2.44294e-095,2.44294e-095,8.31656e-095,5e-021
6.25e-022,3.125e-022,6.25e-022,3.4375e-021,1,1.56278e-054,3.4375e-021,6.25e-022,3.125e-022,6.25e-022
5e-021,2.00004e-020,1.47414e-019,1.47414e-019,1,8.58513e-132,4.29257e-132,4.29257e-132,1.56278e-074,5e-021
1.66667e-021,3.33333e-021,4.00006e-020,6.6034e-013,1,4.29257e-132,4.29257e-132,1.56278e-074,3.33333e-021,1.66667e-021
5e-021,4.00001e-040,2.23241e-027,1.5e-020,1,1.33065e-199,6.65326e-199,6.13147e-149,1.56278e-094,5e-021
2.1875e-021,6.25e-022,9.375e-022,1.25e-021,1,1.56278e-074,1.25e-021,9.375e-022,6.25e-022,2.1875e-021
5e-021,8.00001e-040,3.33333e-021,3.33333e-021,1,3.81481e-192,9.53703e-193,6.10571e-149,1.56278e-094,5e-021
1.11111e-021,5.55556e-022,5.55556e-022,5.55556e-022,1,2.22222e-021,5.55556e-022,5.55556e-022,5.55556e-022,1.11111e-021
5e-021,1.19213e-192,7.5e-041,2.5e-041,1,6.10571e-189,3.90695e-115,1.17209e-114,1.19213e-212,5e-021
4.46208e-009,2.2255e-011,7.13218e-006,0.00292212,0.997071,6.37884e-016,2.93995e-015,7.14647e-012,4.45992e-017,4.46208e-009
4.44089e-016,2.93472e-015,4.22737e-014,0.00292926,0.997071,1.02023e-031,2.30685e-021,4.23693e-020,9.3404e-019,4.44089e-016
2.93642e-015,8.7449e-006,0.000730261,0.000730261,0.998531,2.857e-031,1.1743e-031,1.1743e-031,2.23381e-020,4.7754e-019
5e-021,8.7449e-006,0.000730261,0.000730261,0.998531,2.04362e-062,1.67847e-062,1.67847e-062,2.5614e-034,5e-021
1.33228e-015,2.93725e-015,1.98533e-010,8.09892e-007,0.999999,1.11567e-020,1.2306e-023,4.52508e-027,2.33896e-019,1.33228e-015
5e-021,5.40127e-007,1.46755e-015,2.69964e-007,0.999999,7.9799e-052,8.3589e-051,8.35861e-051,4.47968e-034,5e-021
5e-021,2.70163e-007,5.39177e-019,5.39928e-007,0.999999,3.98995e-052,7.47372e-052,2.74577e-055,2.33357e-034,5e-021
5e-021,1.8247e-014,8.10091e-007,1.46647e-015,0.999999,5.10304e-115,9.55143e-115,9.01884e-086,2.33372e-054,5e-021
1.65256e-074,1.00323e-040,1.00323e-040,4.01291e-040,1,1.62608e-019,4.01291e-040,1.00323e-040,1.00323e-040,1.65256e-074
5e-021,9.05818e-080,1.03339e-075,2.06678e-075,1,6.61031e-039,2.06457e-075,1.03228e-075,9.05817e-080,5e-021
1.66667e-021,3.33333e-021,2.00861e-040,2.69976e-051,1,4.33301e-039,2.15243e-055,2.0043e-040,3.33333e-021,1.66667e-021
5e-021,5.02152e-061,1.0043e-060,5.02152e-061,1,4.33301e-059,5.01075e-061,1.00215e-060,5.01075e-061,5e-021
6.25e-022,3.125e-022,6.25e-022,3.125e-022,1,3.125e-021,3.125e-022,6.25e-022,3.125e-022,6.25e-022
5e-021,9.72334e-037,9.72334e-037,3.88889e-021,1,1.96814e-056,4.75068e-057,4.72033e-071,1.94467e-056,5e-021
1.66667e-021,3.33333e-021,3.86405e-055,3.86405e-055,1,2.44324e-056,9.72334e-057,9.72334e-057,3.33333e-021,1.66667e-021
5e-021,7.72809e-075,3.5846e-063,5e-021,1,1.52077e-079,2.13656e-076,3.05153e-077,1.94467e-076,5e-021
5e-021,8.00276e-040,8.00276e-040,8.00276e-040,1,1.413e-019,8.00276e-040,8.00276e-040,8.00276e-040,5e-021
5e-021,1.46587e-065,1.46587e-065,4.00046e-020,1,4.5913e-039,2.42646e-039,1.4657e-065,1.4657e-065,5e-021
1.66667e-021,1.11111e-021,2.22222e-021,3.20221e-079,1,3.72179e-039,3.20221e-079,2.22222e-021,1.11111e-021,1.66667e-021
5e-021,6.00276e-060,2.00092e-060,5e-021,1,2.1912e-059,7.30401e-060,2.00046e-060,6.00138e-060,5e-021
6.25e-022,3.125e-022,6.25e-022,1.25e-021,1,2.1875e-021,1.25e-021,6.25e-022,3.125e-022,6.25e-022
5e-021,1.66667e-021,3.33333e-021,1.66667e-021,1,1.06911e-057,1.33639e-058,2.67277e-058,1.35778e-058,5e-021
1.66667e-021,1.11111e-021,2.22222e-021,5e-021,1,1.22537e-057,3.80438e-058,2.22222e-021,1.11111e-021,1.66667e-021
5e-021,7.60877e-078,5e-021,5e-021,1,1.40821e-078,7.04106e-079,1.81704e-077,2.81642e-078,5e-021
5e-021,5.08412e-036,2.01666e-030,1.10123e-024,1,8.09018e-038,4.24489e-050,7.77358e-056,2.85068e-061,5e-021
5e-021,1.64672e-043,3.46258e-032,3.66256e-026,1,4.57463e-075,2.02254e-058,6.06763e-058,5.38095e-061,5e-021
5e-021,2.09879e-012,4.57821e-007,4.57822e-007,0.999999,2.0406e-099,1.48574e-093,1.8527e-064,8.09354e-058,5e-021
5e-021,2.42217e-018,1.04939e-012,1.88779e-012,1,2.80608e-203,2.18372e-168,5.45931e-168,8.09354e-078,5e-021
5e-021,2.72759e-012,1.83128e-006,4.19198e-013,0.999998,7.30273e-120,1.11445e-126,4.04509e-058,4.04509e-058,5e-021
5e-021,2.51749e-018,2.49749e-018,1.83128e-006,0.999998,1.33325e-239,2.95402e-177,1.09141e-168,8.09018e-078,5e-021
5e-021,6.29357e-012,1.83128e-006,4.19198e-013,0.999998,5.92556e-240,7.40695e-241,6.56787e-231,8.09018e-078,5e-021
5e-021,1.36379e-032,1.36379e-032,1.36379e-032,1,2.02254e-098,2.02254e-098,2.02254e-098,2.02254e-098,5e-021
2.59052e-016,2.07242e-016,2.07242e-016,1.03621e-016,1,1.90649e-019,1.03621e-016,2.07242e-016,2.07242e-016,2.59052e-016
5.55112e-017,1.02063e-109,1.55436e-055,1.55436e-055,1,1.48173e-034,1.55436e-055,1.55436e-055,1.02063e-109,5.55112e-017
6.66134e-016,1.11022e-016,1.27588e-070,1.27588e-070,1,4.54337e-039,1.27588e-070,1.27588e-070,1.11022e-016,6.66134e-016
5e-021,3.88578e-016,3.88578e-016,3.88578e-016,1,8.82727e-055,8.82727e-055,8.82727e-055,8.82727e-055,5e-021
1.85037e-016,2.59052e-016,1.4803e-016,1.85037e-016,1,2.88464e-039,1.85037e-016,1.4803e-016,2.59052e-016,1.85037e-016
5.55112e-017,7.28584e-017,2.67147e-016,1.21431e-015,1,2.08029e-078,1.75142e-054,3.85312e-055,1.05085e-055,5.55112e-017
1.66667e-021,1.11111e-021,2.22222e-021,1.90653e-059,1,1.28107e-054,3.06481e-060,2.22222e-021,1.11111e-021,1.66667e-021
5e-021,5e-021,5e-021,5e-021,1,2.67346e-075,2.67346e-075,2.67346e-075,4.79031e-075,5e-021
1.5e-020,1.06517e-015,1.86344e-015,2.66205e-016,1,3.46507e-044,8.62196e-045,6.03538e-044,3.71677e-036,1.5e-020
5e-021,1.06519e-015,2.66205e-016,2.66205e-016,1,1.19644e-087,1.49379e-088,1.49379e-088,8.63825e-064,5e-021
1.66667e-021,1.11111e-021,2.22222e-021,5e-021,1,2.60084e-064,2.58863e-064,2.22222e-021,1.11111e-021,1.66667e-021
3.125e-021,1.25e-021,6.25e-022,5e-021,1,3.05359e-087,5.19659e-084,6.25e-022,1.25e-021,3.125e-021
9.76695e-036,1e-020,1.28696e-035,1.28696e-035,1,1e-020,1.28696e-035,1.28696e-035,1e-020,9.76695e-036
5e-021,1.25694e-050,4.88337e-036,6.2847e-051,1,2.71267e-082,5.81848e-098,4.52111e-083,1.1637e-097,5e-021
2.22222e-021,5.55556e-022,5.55556e-022,1.66667e-021,1,1.65767e-113,1.66667e-021,5.55556e-022,5.55556e-022,2.22222e-021
5e-021,1.5e-040,2.5e-020,5e-021,1,2.14678e-227,4.29355e-228,1.03604e-133,1.65767e-133,5e-021
4.16667e-022,2.08333e-022,2.08333e-022,2.08333e-022,1,1.02083e-020,2.08333e-022,2.08333e-022,2.08333e-022,4.16667e-022
3.0303e-022,4.54545e-022,2.12121e-021,2.12121e-021,1,3.32031e-041,2.12121e-021,2.12121e-021,4.54545e-022,3.0303e-022
1.66667e-021,3.33333e-021,1.54835e-037,1.54835e-037,1,3.0967e-057,1.44327e-056,1.44327e-056,3.33333e-021,1.66667e-021
5e-021,7.74174e-058,5e-021,5e-021,1,1.41932e-077,7.09659e-078,2.26168e-076,7.21635e-077,5e-021
7.14286e-022,2.38095e-022,2.38095e-022,7.14286e-022,1,3.09524e-021,7.14286e-022,2.38095e-022,2.38095e-022,7.14286e-022
7.5e-022,3e-021,1.25e-021,1.66667e-021,1,2.47944e-097,3.0967e-077,1.25e-021,3e-021,7.5e-022
1.42857e-021,4.7619e-022,2.85714e-021,2.38095e-022,1,3.0967e-077,2.38095e-022,2.85714e-021,4.7619e-022,1.42857e-021
1.75e-021,3.25e-021,3.125e-021,1.25e-021,1,5.28291e-118,4.22633e-119,3.0967e-097,3.25e-021,1.75e-021
4.16667e-022,2.08333e-022,2.08333e-022,2.08333e-022,1,6.45833e-021,2.08333e-022,2.08333e-022,2.08333e-022,4.16667e-022
3.0303e-022,4.54545e-022,2.12121e-021,2.12121e-021,1,2.03125e-041,2.12121e-021,2.12121e-021,4.54545e-022,3.0303e-022
3.33333e-021,1.66667e-021,3.33333e-021,1.66667e-021,1,1.75174e-093,8.34163e-095,1.66833e-094,1.66667e-021,3.33333e-021
5e-021,5e-021,5e-021,5e-021,1,2.91957e-114,2.91957e-114,2.91957e-114,2.09931e-113,5e-021
6.25e-022,3.125e-022,6.25e-022,3.125e-022,1,3.125e-021,3.125e-022,6.25e-022,3.125e-022,6.25e-022
5e-021,3.33333e-021,3.33333e-021,3.33333e-021,1,1.71901e-093,5.73004e-094,5.73004e-094,5.73004e-094,5e-021
2.1875e-021,6.25e-022,9.375e-022,1.25e-021,1,3.43802e-093,1.25e-021,9.375e-022,6.25e-022,2.1875e-021
2.30769e-021,2.69231e-021,1.64799e-077,2.16841e-077,1,3.14257e-113,1.67872e-114,1.27583e-114,2.69231e-021,2.30769e-021
4.16667e-022,2.08333e-022,2.08333e-022,2.08333e-022,1,2.81515e-020,2.08333e-022,2.08333e-022,2.08333e-022,4.16667e-022
3.0303e-022,1.51515e-022,3.0303e-022,3.0303e-022,1,3.93939e-021,3.0303e-022,3.0303e-022,1.51515e-022,3.0303e-022
5e-021,3.09524e-021,9.04762e-021,5.95238e-021,1,1.14498e-040,2.4221e-041,3.68159e-041,1.25949e-041,5e-021
5e-021,1.35536e-040,3.33333e-041,5e-021,1,8.58735e-061,6.35027e-061,1.35637e-061,1.43777e-060,5e-021
4.16667e-022,2.08333e-022,2.08333e-022,2.08333e-022,1,3.95833e-021,2.08333e-022,2.08333e-022,2.08333e-022,4.16667e-022
3.0303e-022,7.57576e-022,3.93939e-021,1.6875e-020,1,2.62372e-061,1.41681e-060,3.93939e-021,7.57576e-022,3.0303e-022
1.11111e-021,5.55556e-022,3.33333e-021,8.43163e-106,1,1.67918e-060,1.67896e-110,3.33333e-021,5.55556e-022,1.11111e-021
1.25e-021,6.25e-022,1.25e-021,1.875e-021,1,2.0465e-080,1.875e-021,1.25e-021,6.25e-022,1.25e-021
4.16667e-022,2.08333e-022,2.08333e-022,2.08333e-022,1,1.1875e-020,2.08333e-022,2.08333e-022,2.08333e-022,4.16667e-022
3.0303e-022,1.51515e-022,3.0303e-022,3.0303e-022,1,3.93939e-021,3.0303e-022,3.0303e-022,1.51515e-022,3.0303e-022
9.52381e-022,2.38095e-022,7.14286e-022,2.85714e-021,1,2.38095e-022,2.85714e-021,7.14286e-022,2.38095e-022,9.52381e-022
7.5e-022,1e-021,3.25e-021,6.06061e-042,1,1.58146e-080,1.9284e-081,3.25e-021,1e-021,7.5e-022
4.16667e-022,2.08333e-022,2.08333e-022,2.08333e-022,1,3.95833e-021,2.08333e-022,2.08333e-022,2.08333e-022,4.16667e-022
3.0303e-022,1.51515e-022,3.0303e-022,7.57576e-022,1,3.48485e-021,7.57576e-022,3.0303e-022,1.51515e-022,3.0303e-022
1.11111e-021,2.22222e-021,5.55556e-022,1.11111e-021,1,2.77595e-080,1.11111e-021,5.55556e-022,2.22222e-021,1.11111e-021
3.125e-021,1.25e-021,6.25e-022,5e-021,1,6.92856e-102,2.93762e-100,6.25e-022,1.25e-021,3.125e-021
4.16667e-022,2.08333e-022,2.08333e-022,2.08333e-022,1,2.04464e-020,2.08333e-022,2.08333e-022,2.08333e-022,4.16667e-022
3.0303e-022,1.51515e-022,3.0303e-022,3.0303e-022,1,3.93939e-021,3.0303e-022,3.0303e-022,1.51515e-022,3.0303e-022
6.25e-022,3.125e-021,1.25e-021,3.57143e-021,1,5.05102e-041,7.65306e-042,1.25e-021,3.125e-021,6.25e-022
5e-021,2.27273e-021,2.27273e-021,2.27273e-021,1,2.82468e-061,4.87013e-062,4.87013e-062,3.54824e-061,5e-021
4.16667e-022,2.08333e-022,2.08333e-022,2.08333e-022,1,3.95833e-021,2.08333e-022,2.08333e-022,2.08333e-022,4.16667e-022
1.81818e-021,3.0303e-022,1.51515e-022,1.81818e-021,1,9.09091e-022,1.81818e-021,1.51515e-022,3.0303e-022,1.81818e-021
3.33333e-021,1.66667e-021,1.62587e-077,1.62587e-077,1,6.42293e-078,8.09384e-083,8.09384e-083,1.66667e-021,3.33333e-021
5e-021,8.12936e-098,8.12936e-098,8.12936e-098,1,6.42297e-098,4.04692e-103,4.04692e-103,4.04692e-103,5e-021
4.16667e-022,2.08333e-022,2.08333e-022,2.08333e-022,1,1.1875e-020,2.08333e-022,2.08333e-022,2.08333e-022,4.16667e-022
3.0303e-022,1.51515e-022,3.0303e-022,3.0303e-022,1,3.93939e-021,3.0303e-022,3.0303e-022,1.51515e-022,3.0303e-022
7.14286e-022,2.38095e-022,2.38095e-022,7.14286e-022,1,3.09524e-021,7.14286e-022,2.38095e-022,2.38095e-022,7.14286e-022
5e-021,3.26705e-041,4.09091e-021,1.40909e-020,1,1.64273e-099,1.27312e-098,4.46276e-098,3.12234e-098,5e-021
4.16667e-022,2.08333e-022,2.08333e-022,2.08333e-022,1,3.95833e-021,2.08333e-022,2.08333e-022,2.08333e-022,4.16667e-022
9.09091e-022,2.72727e-021,6.06061e-022,7.57576e-022,1,1.04336e-097,7.57576e-022,6.06061e-022,2.72727e-021,9.09091e-022
2.1875e-021,6.25e-022,9.375e-022,1.25e-021,1,1.04336e-097,1.25e-021,9.375e-022,6.25e-022,2.1875e-021
5e-021,8.5e-021,9.25e-021,1.5e-021,1,2.13434e-119,4.26868e-119,2.63235e-118,1.21361e-117,5e-021
4.16667e-022,2.08333e-022,2.08333e-022,2.08333e-022,1,1.1875e-020,2.08333e-022,2.08333e-022,2.08333e-022,4.16667e-022
3.0303e-022,1.51515e-022,3.0303e-022,3.0303e-022,1,3.93939e-021,3.0303e-022,3.0303e-022,1.51515e-022,3.0303e-022
4.16667e-022,2.08333e-022,2.08333e-022,2.08333e-022,1,1.18371e-020,2.08333e-022,2.08333e-022,2.08333e-022,4.16667e-022
5e-021,4.54545e-022,3.0303e-022,3.0303e-022,1,2.80533e-041,1.19376e-042,1.19376e-042,1.79063e-042,5e-021
2.1875e-021,6.25e-022,9.375e-022,1.25e-021,1,4.51838e-058,1.25e-021,9.375e-022,6.25e-022,2.1875e-021
5e-021,1.9459e-078,5.09641e-079,2.17383e-060,1,4.51838e-078,7.36663e-098,1.01928e-098,3.8918e-098,5e-021
9.52381e-022,2.38095e-022,7.14286e-022,2.85714e-021,1,2.38095e-022,2.85714e-021,7.14286e-022,2.38095e-022,9.52381e-022
3e-021,2e-021,5.625e-041,3.125e-021,1,4.9144e-099,2.37571e-098,3.22869e-098,2e-021,3e-021
6.25e-022,3.125e-022,6.25e-022,3.125e-022,1,3.125e-021,3.125e-022,6.25e-022,3.125e-022,6.25e-022
5e-021,1.22245e-117,1.09377e-117,1.66667e-021,1,4.14185e-078,3.76531e-079,4.23165e-118,4.72949e-118,5e-021
7.14286e-022,2.38095e-022,2.38095e-022,7.14286e-022,1,3.09524e-021,7.14286e-022,2.38095e-022,2.38095e-022,7.14286e-022
1.5e-021,3.5e-021,1.97637e-079,1.97637e-079,1,4.88554e-098,6.11933e-100,6.11933e-100,3.5e-021,1.5e-021
4.16667e-022,2.08333e-022,2.08333e-022,2.08333e-022,1,3.95833e-021,2.08333e-022,2.08333e-022,2.08333e-022,4.16667e-022
9.09091e-022,2.72727e-021,6.06061e-022,7.57576e-022,1,4.74441e-098,7.57576e-022,6.06061e-022,2.72727e-021,9.09091e-022
6.25e-022,3.125e-022,6.25e-022,3.125e-022,1,3.125e-021,3.125e-022,6.25e-022,3.125e-022,6.25e-022
9.09091e-022,4.54545e-022,3.63636e-021,1.55e-020,1,2.68486e-119,6.08798e-118,3.63636e-021,4.54545e-022,9.09091e-022
4.16667e-022,2.08333e-022,2.08333e-022,2.08333e-022,1,3.95833e-021,2.08333e-022,2.08333e-022,2.08333e-022,4.16667e-022
9.09091e-022,2.72727e-021,6.06061e-022,7.57576e-022,1,4.51838e-078,7.57576e-022,6.06061e-022,2.72727e-021,9.09091e-022
6.25e-022,3.125e-022,6.25e-022,3.125e-022,1,3.125e-021,3.125e-022,6.25e-022,3.125e-022,6.25e-022
2.30769e-021,2.69231e-021,9.82813e-041,3.5e-021,1,1.63085e-098,1.77735e-098,3.33407e-098,2.69231e-021,2.30769e-021
6.25e-022,3.125e-022,6.25e-022,1.25e-021,1,2.1875e-021,1.25e-021,6.25e-022,3.125e-022,6.25e-022
5e-021,2.79591e-099,1.39795e-098,1.67754e-098,1,3.84306e-098,3.37656e-099,2.8138e-099,5.6276e-100,5e-021
2.1875e-021,6.25e-022,9.375e-022,1.25e-021,1,4.98185e-098,1.25e-021,9.375e-022,6.25e-022,2.1875e-021
5e-021,1.04846e-119,1.18707e-099,2.5e-021,1,3.25119e-118,8.75974e-119,8.33589e-119,2.11035e-120,5e-021
4.16667e-022,2.08333e-022,2.08333e-022,2.08333e-022,1,1.28274e-020,2.08333e-022,2.08333e-022,2.08333e-022,4.16667e-022
3.0303e-022,1.51515e-022,3.0303e-022,3.0303e-022,1,3.93939e-021,3.0303e-022,3.0303e-022,1.51515e-022,3.0303e-022
4.16667e-022,2.08333e-022,2.08333e-022,2.08333e-022,1,3.95833e-021,2.08333e-022,2.08333e-022,2.08333e-022,4.16667e-022
5e-021,2.27273e-021,2.42424e-021,2.27273e-021,1,5.9833e-062,1.0436e-062,1.11317e-062,1.0436e-062,5e-021
4.16667e-022,2.08333e-022,2.08333e-022,2.08333e-022,1,3.95833e-021,2.08333e-022,2.08333e-022,2.08333e-022,4.16667e-022
3.0303e-022,4.69697e-021,6.25e-022,2.5e-021,1,3.81238e-118,5.64797e-119,1.41199e-119,4.69697e-021,3.0303e-022
4.16667e-022,2.08333e-022,2.08333e-022,2.08333e-022,1,3.95833e-021,2.08333e-022,2.08333e-022,2.08333e-022,4.16667e-022
1.36364e-021,3.63636e-021,2.27273e-021,9.54545e-021,1,2.06712e-138,2.41164e-138,5.74199e-139,3.63636e-021,1.36364e-021
