0.564364,0.435636,0,0,0,0
0.461576,0.217818,0.217818,0.102788,0,0
0.179475,0.0897374,0.410182,0.0513942,0.0897374,0.179475
0.0770913,0.409857,0.408565,0.00161624,0.0257784,0.0770913
0.110894,0.184823,0.383676,0.024889,0.184823,0.110894
0.077536,0.446746,0.383272,0.000404061,0.0145054,0.077536
0.0584855,0.49008,0.38307,0.00020203,0.00967708,0.0584855
0.00353553,0.0443913,0.947769,4.76292e-005,0.000720862,0.00353553
0.115674,0.192791,0.370929,0.0121414,0.192791,0.115674
0.0786792,0.464115,0.370829,9.93815e-005,0.00759786,0.0786792
0.0539201,0.516171,0.37078,4.96908e-005,0.00515937,0.0539201
0.00246959,0.0402377,0.954482,1.21739e-005,0.00032938,0.00246959
0.0372385,0.551642,0.370755,2.48445e-005,0.00310147,0.0372385
0.00129782,0.0286436,0.96862,4.19787e-006,0.000136357,0.00129782
0.00071379,0.0177645,0.980732,2.3581e-006,7.30578e-005,0.00071379
1.76029e-006,8.51351e-005,0.999911,3.12428e-009,7.34515e-008,1.76029e-006
0.117983,0.196639,0.364771,0.00598376,0.196639,0.117983
0.0794729,0.472408,0.364747,2.45412e-005,0.00387499,0.0794729
0.0517982,0.529002,0.364734,1.22706e-005,0.00265472,0.0517982
0.00190015,0.0380306,0.95801,3.07084e-006,0.000155978,0.00190015
0.0327496,0.568159,0.364728,6.13526e-006,0.00160757,0.0327496
0.000858161,0.0251106,0.973113,1.03618e-006,5.89812e-005,0.000858161
0.000460444,0.0150609,0.983987,5.76113e-007,3.10069e-005,0.000460444
5.11396e-007,3.77339e-005,0.999961,5.17089e-010,1.86773e-008,5.11396e-007
0.0212861,0.591805,0.364725,3.06761e-006,0.000894936,0.0212861
0.000403833,0.0166509,0.98252,3.20062e-007,2.1548e-005,0.000403833
0.000217172,0.00985532,0.989699,1.77533e-007,1.13554e-005,0.000217172
1.40411e-007,1.34447e-005,0.999986,7.20266e-011,3.34844e-009,1.40411e-007
0.000114374,0.00570217,0.994063,9.42666e-008,5.85968e-006,0.000114374
6.20415e-008,6.4959e-006,0.999993,1.96788e-011,9.40261e-010,6.20415e-008
5.47315e-008,6.17845e-006,0.999994,9.84812e-012,4.70458e-010,5.47315e-008
4.92628e-012,5.52117e-008,1,2.71843e-019,5.64969e-017,4.92628e-012
0.198523,0.119114,0.361756,0.00296887,0.119114,0.198523
0.0799222,0.476444,0.36175,6.09135e-006,0.00195508,0.0799222
0.0507816,0.535341,0.361747,3.04568e-006,0.00134533,0.0507816
0.00160605,0.0369027,0.959809,7.70704e-007,7.57151e-005,0.00160605
0.0305198,0.576396,0.361746,1.52284e-006,0.000817665,0.0305198
0.000636058,0.0232691,0.975431,2.5732e-007,2.707e-005,0.000636058
0.000334568,0.0136493,0.985667,1.42288e-007,1.40516e-005,0.000334568
1.75273e-007,1.8539e-005,0.999981,9.8359e-011,5.68508e-009,1.75273e-007
0.0182448,0.601309,0.361745,7.61416e-007,0.000456299,0.0182448
0.000258152,0.0142706,0.985204,7.75416e-008,9.03401e-006,0.000258152
0.000136574,0.00830349,0.991419,4.25457e-008,4.68441e-006,0.000136574
4.03472e-008,5.80137e-006,0.999994,1.14237e-011,8.17672e-010,4.03472e-008
7.0767e-005,0.00465799,0.995198,2.24573e-008,2.39353e-006,7.0767e-005
1.65237e-008,2.71794e-006,0.999997,3.05258e-012,2.21891e-010,1.65237e-008
1.39042e-008,2.55596e-006,0.999997,1.52731e-012,1.10997e-010,1.39042e-008
7.635e-013,1.3059e-006,0.999999,4.2965e-023,3.51955e-018,7.635e-013
0.0114282,0.615157,0.361744,3.80708e-007,0.000241919,0.0114282
0.000113555,0.00904206,0.990728,2.23e-008,3.05544e-006,0.000113555
6.0403e-005,0.00522422,0.994653,1.22718e-008,1.59493e-006,6.0403e-005
1.00463e-008,1.90673e-006,0.999998,1.38912e-012,1.28531e-010,1.00463e-008
3.14099e-005,0.00290206,0.997034,6.48285e-009,8.18951e-007,3.14099e-005
4.32936e-009,9.08976e-007,0.999999,3.74278e-013,3.5152e-011,4.32936e-009
3.79033e-009,8.63998e-007,0.999999,1.87218e-013,1.75815e-011,3.79033e-009
9.38138e-014,8.71596e-007,0.999999,8.76266e-027,1.48306e-019,9.38138e-014
1.62189e-005,0.00161924,0.998348,3.33819e-009,4.15583e-007,1.62189e-005
1.96893e-009,4.41518e-007,1,9.80624e-014,9.44648e-012,1.96893e-009
1.82041e-009,4.28557e-007,1,4.90429e-014,4.72411e-012,1.82041e-009
2.4647e-014,7.80151e-016,1,1.06038e-020,8.59984e-021,2.4647e-014
1.74614e-009,4.22075e-007,1,2.45244e-014,2.36228e-012,1.74614e-009
1.22125e-014,7.37003e-016,1,5.21981e-021,4.12487e-021,1.22125e-014
1.2379e-014,1.74853e-009,1,1.07203e-023,4.66162e-021,1.2379e-014
1.11022e-016,1.61609e-023,1,9.38686e-033,4.30855e-035,1.11022e-016
0.0797819,0.239346,0.360266,0.00147853,0.239346,0.0797819
0.0801595,0.478433,0.360264,1.51699e-006,0.000981751,0.0801595
0.0502848,0.538489,0.360264,7.58493e-007,0.000677048,0.0502848
0.00145665,0.0363337,0.960715,1.93022e-007,3.72787e-005,0.00145665
0.0294097,0.580505,0.360263,3.79246e-007,0.000412256,0.0294097
0.000524388,0.0223308,0.976607,6.4111e-008,1.2916e-005,0.000524388
0.000271801,0.0129295,0.98652,3.53508e-008,6.65468e-006,0.000271801
7.62148e-008,1.01384e-005,0.99999,2.08704e-011,2.04033e-009,7.62148e-008
0.0167216,0.606063,0.360263,1.89623e-007,0.00023034,0.0167216
0.000187114,0.0130515,0.98657,1.90766e-008,4.07037e-006,0.000187114
9.74439e-005,0.00750907,0.992294,1.04059e-008,2.08763e-006,9.74439e-005
1.38782e-008,2.81293e-006,0.999997,2.11862e-012,2.42751e-010,1.38782e-008
4.99016e-005,0.00412359,0.995776,5.47494e-009,1.05937e-006,4.99016e-005
5.07594e-009,1.26317e-006,0.999999,5.57294e-013,6.41918e-011,5.07594e-009
3.91283e-009,1.16137e-006,0.999999,2.78801e-013,3.21058e-011,3.91283e-009
1.395e-013,1.16922e-006,0.999999,1.94325e-026,2.88873e-019,1.395e-013
0.00966205,0.620291,0.360263,9.48115e-008,0.000122207,0.00966205
7.12355e-005,0.00764739,0.992209,5.34726e-009,1.25924e-006,7.12355e-005
3.74134e-005,0.00438058,0.995544,2.91132e-009,6.47924e-007,3.74134e-005
2.86596e-009,8.10578e-007,0.999999,2.15072e-013,3.06403e-011,2.86596e-009
1.92589e-005,0.0023943,0.997567,1.52907e-009,3.29727e-007,1.92589e-005
1.14748e-009,3.7547e-007,1,5.6918e-014,8.18421e-012,1.14748e-009
9.56973e-010,3.5261e-007,1,2.84683e-014,4.09298e-012,9.56973e-010
1.43219e-014,3.37439e-016,1,5.0506e-021,3.91687e-021,1.43219e-014
9.82433e-006,0.00129743,0.998683,7.84991e-010,1.66492e-007,9.82433e-006
4.94776e-010,1.79134e-007,1,1.47127e-014,2.14543e-012,4.94776e-010
4.43899e-010,1.72815e-007,1,7.35764e-015,1.07285e-012,4.43899e-010
3.38618e-015,4.44979e-010,1,1.63699e-024,1.11391e-021,3.38618e-015
4.18456e-010,1.69655e-007,1,3.67915e-015,5.36456e-013,4.18456e-010
1.94289e-015,1.70492e-007,1,3.38404e-030,5.38189e-022,1.94289e-015
1.26565e-015,8.43769e-016,1,2.69094e-022,8.43769e-016,1.26565e-015
5e-021,2.22045e-015,1,8.55179e-040,8.04663e-037,5e-021
0.00592843,0.627817,0.360263,4.74057e-008,6.30082e-005,0.00592843
3.01767e-005,0.00472122,0.995218,1.47562e-009,4.07824e-007,3.01767e-005
1.59644e-005,0.00269456,0.997273,8.08458e-010,2.11797e-007,1.59644e-005
6.74437e-010,2.54557e-007,1,2.42249e-014,4.47274e-012,6.74437e-010
8.2528e-006,0.00146528,0.998518,4.25854e-010,1.08464e-007,8.2528e-006
2.86729e-010,1.20481e-007,1,6.4814e-015,1.20749e-012,2.86729e-010
2.4999e-010,1.14474e-007,1,3.24137e-015,6.03832e-013,2.4999e-010
1.77636e-015,1.14975e-007,1,2.62662e-030,3.37381e-022,1.77636e-015
4.22247e-006,0.000787532,0.999204,2.1892e-010,5.4967e-008,4.22247e-006
1.29199e-010,5.82712e-008,1,1.68613e-015,3.18352e-013,1.29199e-010
1.19374e-010,5.66194e-008,1,8.4316e-016,1.59189e-013,1.19374e-010
7.77156e-016,5.98468e-011,1,7.55556e-026,4.29041e-023,7.77156e-016
1.14461e-010,5.57934e-008,1,4.21604e-016,7.9598e-014,1.14461e-010
3.33067e-016,5.60224e-008,1,4.44374e-032,2.0922e-023,3.33067e-016
2e-021,1e-021,1,2.01046e-021,1e-021,2e-021
5e-021,8.86258e-035,1,9.17959e-040,1.26439e-040,5e-021
2.16042e-006,0.000431572,0.999564,1.11039e-010,2.76804e-008,2.16042e-006
6.08397e-011,2.86069e-008,1,4.33035e-016,8.37698e-014,6.08397e-011
5.81919e-011,2.81437e-008,1,2.16531e-016,4.18869e-014,5.81919e-011
5.55112e-017,2.82601e-008,1,1.17214e-032,5.49751e-024,5.55112e-017
5.68682e-011,2.79121e-008,1,1.08269e-016,2.0944e-014,5.68682e-011
1.66533e-016,2.80259e-008,1,2.93053e-033,2.70832e-024,1.66533e-016
5e-021,1.57473e-037,1,1.35416e-024,2.36321e-043,5e-021
5e-021,7.93657e-039,1,3.08635e-043,5.95523e-045,5e-021
5.62063e-011,2.77963e-008,1,5.41352e-017,1.04721e-014,5.62063e-011
1.11022e-016,1.40106e-008,1,1.4246e-031,1.34405e-024,1.11022e-016
1.11022e-016,2.79087e-008,1,3.66327e-034,6.72023e-025,1.11022e-016
1.11022e-016,1.39544e-008,1,6.1545e-059,5.11858e-042,1.11022e-016
1.25e-021,6.25e-022,1,7.12534e-021,6.25e-022,1.25e-021
1.11111e-021,5.55556e-022,1,3.33333e-021,5.55556e-022,1.11111e-021
5e-021,3.81389e-078,1,2.18018e-044,2.87373e-084,5e-021
5e-021,5e-021,1,1.52477e-064,6.55407e-065,5e-021
0.119951,0.199918,0.359525,0.000737774,0.199918,0.119951
0.0802813,0.47942,0.359525,3.78493e-007,0.000491905,0.0802813
0.0500393,0.540057,0.359525,1.89246e-007,0.000339606,0.0500393
0.00138136,0.0360481,0.961171,4.8297e-008,1.84934e-005,0.00138136
0.028856,0.582556,0.359524,9.46232e-008,0.000206977,0.028856
0.000468393,0.0218574,0.977199,1.60002e-008,6.30162e-006,0.000468393
0.000240456,0.0125661,0.98695,8.80988e-009,3.23359e-006,0.000240456
4.35168e-008,6.2454e-006,0.999994,4.76217e-012,8.33713e-010,4.35168e-008
0.0159596,0.608441,0.359524,4.73116e-008,0.000115715,0.0159596
0.000152042,0.0124349,0.987259,4.73061e-009,1.92212e-006,0.000152042
7.81688e-005,0.00710734,0.992735,2.57262e-009,9.79419e-007,7.81688e-005
6.08535e-009,1.53255e-006,0.999998,4.42955e-013,8.5761e-011,6.08535e-009
3.9702e-005,0.00385338,0.996067,1.35128e-009,4.94935e-007,3.9702e-005
1.94108e-009,6.47121e-007,0.999999,1.15335e-013,2.22622e-011,1.94108e-009
1.30983e-009,5.71084e-007,0.999999,5.76956e-014,1.11333e-011,1.30983e-009
2.83107e-014,1.12156e-011,1,7.58932e-023,3.10883e-020,2.83107e-014
0.00877723,0.62286,0.359524,2.36558e-008,6.14143e-005,0.00877723
5.10013e-005,0.00694102,0.992956,1.30839e-009,5.61578e-007,5.10013e-005
2.64178e-005,0.00395349,0.995993,7.08239e-010,2.86103e-007,2.64178e-005
9.86148e-010,3.90086e-007,1,3.93143e-014,8.96273e-012,9.86148e-010
1.34779e-005,0.00213733,0.997836,3.708e-010,1.44681e-007,1.34779e-005
3.5358e-010,1.73349e-007,1,1.02632e-014,2.34694e-012,3.5358e-010
2.69702e-010,1.59021e-007,1,5.13301e-015,1.17364e-012,2.69702e-010
2.44249e-015,1.59561e-007,1,6.58695e-030,7.26393e-022,2.44249e-015
6.82237e-006,0.0011346,0.998852,1.90046e-010,7.27952e-008,6.82237e-006
1.3895e-010,8.04968e-008,1,2.62904e-015,6.04547e-013,1.3895e-010
1.17042e-010,7.6647e-008,1,1.31471e-015,3.02298e-013,1.17042e-010
1.16573e-015,8.97092e-018,1,5.05613e-023,3.53815e-023,1.16573e-015
1.06088e-010,7.47216e-008,1,6.57405e-016,1.51155e-013,1.06088e-010
2.22045e-016,3.75731e-008,1,2.49505e-029,4.06724e-023,2.22045e-016
2.77556e-016,3.7467e-008,1,1.01681e-023,1.01681e-023,2.77556e-016
5e-021,7.4934e-008,1,7.29611e-064,1.10551e-038,5e-021
0.00497667,0.630491,0.359524,1.18279e-008,3.16705e-005,0.00497667
1.87426e-005,0.00396439,0.995998,3.51889e-010,1.66563e-007,1.87426e-005
9.80707e-006,0.00225287,0.997727,1.90785e-010,8.53505e-008,9.80707e-006
1.91581e-010,1.07361e-007,1,3.70254e-015,1.05232e-012,1.91581e-010
5.0323e-006,0.00121498,0.998775,9.99312e-011,4.33422e-008,5.0323e-006
7.57968e-011,4.94318e-008,1,9.75003e-016,2.78875e-013,7.57968e-011
6.29127e-011,4.63876e-008,1,4.8758e-016,1.39452e-013,6.29127e-011
1.66533e-016,2.33198e-008,1,1.70579e-029,2.01177e-023,1.66533e-016
2.55641e-006,0.000642871,0.999352,5.12228e-011,2.18614e-008,2.55641e-006
3.23933e-011,2.34981e-008,1,2.51031e-016,7.23599e-014,3.23933e-011
2.90109e-011,2.26799e-008,1,1.25526e-016,3.6182e-014,2.90109e-011
5e-021,6.57971e-019,1,1.42743e-024,1.04968e-024,5e-021
2.7321e-011,2.22707e-008,1,6.27659e-017,1.80915e-014,2.7321e-011
5e-021,1.119e-008,1,2.84867e-031,1.195e-024,5e-021
3.88578e-016,2.23254e-008,1,4.92444e-034,5.97494e-025,3.88578e-016
5e-021,3.09827e-024,1,2.54254e-040,8.29189e-041,5e-021
1.29469e-006,0.000342438,0.999655,2.59424e-011,1.09816e-008,1.29469e-006
1.47495e-011,1.14231e-008,1,6.38849e-017,1.86608e-014,1.47495e-011
1.38625e-011,1.12024e-008,1,3.19439e-017,9.3307e-015,1.38625e-011
5e-021,1.12301e-008,1,2.55104e-034,3.08736e-025,5e-021
1.34189e-011,1.1092e-008,1,1.59723e-017,4.66542e-015,1.34189e-011
1.11022e-016,1.48842e-019,1,8.88024e-026,6.26045e-026,1.11022e-016
1.11022e-016,1.11189e-008,1,3.18894e-035,7.57035e-026,1.11022e-016
4.16334e-017,1.38778e-017,1,8.58206e-042,1.38778e-017,4.16334e-017
1.32008e-011,1.10368e-008,1,7.98626e-018,2.33273e-015,1.32008e-011
5e-021,1.32032e-011,1,5.27222e-029,7.49196e-026,5e-021
4.44089e-017,1.11022e-017,1,3.7486e-026,1.11022e-017,4.44089e-017
5e-021,1.8424e-024,1,6.28678e-042,6.24268e-042,5e-021
6.66134e-016,2.77241e-009,1,9.37132e-027,9.37131e-027,6.66134e-016
5e-021,1.33995e-015,1,1.0949e-059,1.57242e-041,5e-021
2e-021,1e-021,1,2e-021,1e-021,2e-021
5e-021,5.55112e-017,1,5.87225e-058,2.85646e-058,5e-021
0.0030203,0.634419,0.359524,5.91395e-009,1.60862e-005,0.0030203
7.78286e-006,0.00241362,0.997571,9.4968e-011,5.2714e-008,7.78286e-006
4.10612e-006,0.00136906,0.998623,5.19091e-011,2.73036e-008,4.10612e-006
4.37331e-011,3.29083e-008,1,4.00374e-016,1.47682e-013,4.37331e-011
2.11664e-006,0.000736418,0.999259,2.73011e-011,1.39634e-008,2.11664e-006
1.8462e-011,1.55173e-008,1,1.06743e-016,3.96136e-014,1.8462e-011
1.6062e-011,1.47404e-008,1,5.3377e-017,1.98082e-014,1.6062e-011
2.22045e-016,1.47726e-008,1,7.12277e-034,7.12512e-025,2.22045e-016
1.07825e-006,0.000387987,0.99961,1.40225e-011,7.07141e-009,1.07825e-006
8.27854e-012,7.48843e-009,1,2.76735e-017,1.03458e-014,8.27854e-012
7.64622e-012,7.27994e-009,1,1.38375e-017,5.17311e-015,7.64622e-012
1.11022e-016,5.5664e-020,1,5.04806e-026,3.95547e-026,1.11022e-016
7.32819e-012,7.17568e-009,1,6.91894e-018,2.58661e-015,7.32819e-012
5e-021,1.31463e-020,1,3.90929e-026,4.73883e-027,5e-021
2e-021,1e-021,1,2.00002e-021,1e-021,2e-021
5e-021,7.19034e-029,1,2.15134e-044,2.19172e-046,5e-021
5.47317e-007,0.000205102,0.999794,7.10898e-012,3.5598e-009,5.47317e-007
3.88678e-012,3.67169e-009,1,7.07198e-018,2.67748e-015,3.88678e-012
3.72086e-012,3.61575e-009,1,3.53609e-018,1.33877e-015,3.72086e-012
5e-021,3.62319e-009,1,3.12598e-036,1.13879e-026,5e-021
3.63815e-012,3.58777e-009,1,1.76807e-018,6.69393e-016,3.63815e-012
1.66533e-016,1.81966e-012,1,4.82474e-030,5.60867e-027,1.66533e-016
1.66533e-016,1.11022e-016,1,2.80675e-027,1.11022e-016,1.66533e-016
2.77556e-016,5.02049e-036,1,1.10231e-045,2.10261e-047,2.77556e-016
3.59729e-012,1.40333e-011,1,9.20396e-017,2.43543e-016,3.59729e-012
1.249e-016,4.16334e-017,1,1.85301e-027,4.16334e-017,1.249e-016
2e-021,1e-021,1,2e-021,1e-021,2e-021
2.5e-021,1.25e-021,1,1.25e-021,1.25e-021,2.5e-021
5e-021,1.59363e-046,1,4.6328e-028,2.07793e-062,5e-021
5e-021,5e-021,1,3.4746e-048,1.16405e-048,5e-021
2e-021,1e-021,1,2e-021,1e-021,2e-021
2.5e-021,1.25e-021,1,1.25e-021,1.25e-021,2.5e-021
2.78807e-007,0.000111406,0.999888,3.57955e-012,1.78614e-009,2.78807e-007
1.87833e-012,1.8171e-009,1,1.79884e-018,6.97397e-016,1.87833e-012
1.83387e-012,3.35316e-009,1,5.00644e-019,3.49102e-016,1.83387e-012
5e-021,4.61277e-021,1,1.0004e-027,4.80241e-028,5e-021
1.81216e-012,7.76556e-012,1,5.03049e-017,1.24497e-016,1.81216e-012
5e-021,1.40729e-023,1,2.86494e-028,2.25616e-028,5e-021
1.66533e-016,2.05289e-025,1,2.56045e-028,1.00522e-040,1.66533e-016
5e-021,2.21859e-028,1,5.68535e-044,1.54893e-041,5e-021
1.80123e-012,0.000111965,0.999888,4.00456e-025,8.74014e-017,1.80123e-012
5e-021,5.59842e-005,0.999944,8.75059e-042,1.79862e-028,5e-021
3.13423e-009,0.000111962,0.999888,2.00479e-050,8.99214e-029,5e-021
5e-021,3.13423e-009,1,1.11294e-066,9.98384e-045,5e-021
1.25e-021,6.25e-022,1,7.125e-021,6.25e-022,1.25e-021
1.11111e-021,5.55556e-022,1,3.33333e-021,5.55556e-022,1.11111e-021
2e-021,1e-021,1,2e-021,1e-021,2e-021
2.5e-021,1.25e-021,1,1.25e-021,1.25e-021,2.5e-021
1.07744e-012,7.18292e-013,1,4.37007e-017,7.18292e-013,1.07744e-012
4.16334e-017,1.38778e-017,1,4.58731e-022,1.38778e-017,4.16334e-017
1.66533e-016,1.11022e-016,1,3.05821e-022,1.11022e-016,1.66533e-016
5.55112e-017,1.5291e-022,1,8.92547e-045,6.79059e-038,5.55112e-017
1.25e-021,6.25e-022,1,9.375e-021,6.25e-022,1.25e-021
3.33333e-021,1.66667e-021,1,3.32031e-041,1.66667e-021,3.33333e-021
1.25e-021,6.25e-022,1,3.125e-021,6.25e-022,1.25e-021
1.11111e-021,5.55556e-022,1,3.33333e-021,5.55556e-022,1.11111e-021
7.21645e-016,1.39963e-005,0.999986,9.80585e-030,1.40099e-030,7.21645e-016
2.22045e-016,1.39963e-005,0.999986,2.35484e-059,1.17639e-034,2.22045e-016
2.77556e-016,1.39963e-005,0.999986,3.92126e-035,3.92137e-035,2.77556e-016
2.22045e-016,1.39963e-005,0.999986,1.53901e-094,8.70707e-051,2.22045e-016
1.25e-021,6.25e-022,1,7.125e-021,6.25e-022,1.25e-021
1.11111e-021,5.55556e-022,1,3.33333e-021,5.55556e-022,1.11111e-021
2e-021,1e-021,1,2e-021,1e-021,2e-021
2.5e-021,1.25e-021,1,1.25e-021,1.25e-021,2.5e-021
0.120089,0.200149,0.359156,0.000368511,0.200149,0.120089
0.0803429,0.479912,0.359156,9.45277e-008,0.000246207,0.0803429
0.0499173,0.540839,0.359156,4.72638e-008,0.000170072,0.0499173
0.00134357,0.0359051,0.961399,1.20793e-008,9.21009e-006,0.00134357
0.0285795,0.583582,0.359156,2.36319e-008,0.0001037,0.0285795
0.000440355,0.0216197,0.977496,3.99658e-009,3.11151e-006,0.000440355
0.000224794,0.0123836,0.987165,2.19898e-009,1.59324e-006,0.000224794
3.13213e-008,4.3767e-006,0.999996,1.13422e-012,3.72017e-010,3.13213e-008
0.0155785,0.609629,0.359156,1.1816e-008,5.79935e-005,0.0155785
0.000134618,0.0121248,0.987605,1.17784e-009,9.32623e-007,0.000134618
6.86033e-005,0.00690535,0.992957,6.39546e-010,4.73519e-007,6.86033e-005
3.49212e-009,9.46479e-007,0.999999,1.00246e-013,3.47081e-011,3.49212e-009
3.46603e-005,0.00371753,0.996213,3.35636e-010,2.38732e-007,3.46603e-005
9.90602e-010,3.67264e-007,1,2.59448e-014,8.90058e-012,9.90602e-010
5.79589e-010,6.45204e-008,1,3.26254e-013,4.13757e-012,5.79589e-010
1.63036e-013,6.56837e-008,1,2.66104e-026,1.31172e-020,1.63036e-013
0.00833442,0.624145,0.359156,5.90798e-009,3.07848e-005,0.00833442
4.11158e-005,0.00658559,0.993332,3.2355e-010,2.63665e-007,4.11158e-005
2.10447e-005,0.00373863,0.996219,1.74611e-010,1.33529e-007,2.10447e-005
4.33676e-010,2.12034e-007,1,8.151e-015,3.1375e-012,4.33676e-010
1.0661e-005,0.00200809,0.997971,9.12661e-011,6.7265e-008,1.0661e-005
1.36248e-010,8.86166e-008,1,2.10822e-015,8.08897e-013,1.36248e-010
9.09917e-011,7.79442e-008,1,1.05437e-015,4.04486e-013,9.09917e-011
8.88178e-016,7.81266e-008,1,2.77922e-031,7.80326e-023,8.88178e-016
5.37017e-006,0.0010527,0.998937,4.67358e-011,3.37695e-008,5.37017e-006
4.66771e-011,3.94065e-008,1,5.37002e-016,2.05969e-013,4.66771e-011
3.50356e-011,3.65886e-008,1,2.68535e-016,1.0299e-013,3.50356e-011
3.33067e-016,1.83645e-008,1,6.93212e-030,8.53301e-024,3.33067e-016
2.92133e-011,1.41397e-009,1,6.29277e-015,4.53377e-014,2.92133e-011
3.16414e-015,2.26694e-014,1,2.40844e-024,3.54943e-024,3.16414e-015
1.86517e-015,1.24345e-015,1,2.97894e-024,1.24345e-015,1.86517e-015
2.22045e-016,1.49045e-035,1,8.12107e-039,4.779e-040,2.22045e-016
0.00450019,0.631828,0.359156,2.95399e-009,1.58768e-005,0.00450019
1.33321e-005,0.00358344,0.99639,8.5847e-011,7.3879e-008,1.33321e-005
6.88649e-006,0.0020306,0.997956,4.62798e-011,3.75056e-008,6.88649e-006
6.59015e-011,5.14584e-008,1,6.71573e-016,3.05344e-013,6.59015e-011
3.50678e-006,0.00108905,0.998904,2.41661e-011,1.89319e-008,3.50678e-006
2.33878e-011,2.27417e-008,1,1.74625e-016,7.95601e-014,2.33878e-011
1.77423e-011,2.08371e-008,1,8.73245e-017,3.97828e-014,1.77423e-011
1.11022e-016,1.04541e-008,1,8.70411e-031,1.61758e-024,1.11022e-016
1.77177e-006,0.000570102,0.999426,1.23672e-011,9.51666e-009,1.77177e-006
9.10988e-012,1.05242e-008,1,4.46188e-017,2.03882e-014,9.10988e-012
7.64877e-012,1.00205e-008,1,2.2311e-017,1.01945e-014,7.64877e-012
5e-021,1.91613e-020,1,1.70462e-025,1.94941e-026,5e-021
6.91841e-012,9.76859e-009,1,1.11559e-017,5.09734e-015,6.91841e-012
5e-021,9.78243e-009,1,3.11135e-035,8.98381e-026,5e-021
1.66533e-016,9.78243e-009,1,1.55567e-035,4.49185e-026,1.66533e-016
5e-021,9.78243e-009,1,6.0503e-071,2.00239e-041,5e-021
8.92151e-007,0.000297603,0.999701,6.25838e-012,4.77184e-009,8.92151e-007
3.88206e-012,5.03665e-009,1,1.12918e-017,5.18867e-015,3.88206e-012
3.50636e-012,4.90425e-009,1,5.64612e-018,2.59439e-015,3.50636e-012
2.22045e-016,7.01499e-012,1,7.33209e-033,2.29629e-026,2.22045e-016
3.31818e-012,4.83805e-009,1,2.82311e-018,1.29721e-015,3.31818e-012
1.11022e-016,1.60533e-020,1,6.83898e-027,4.3043e-027,1.11022e-016
2e-021,1e-021,1,2.00001e-021,1e-021,2e-021
2.5e-021,1.25e-021,1,1.25e-021,1.25e-021,2.5e-021
3.22742e-012,3.3193e-011,1,1.17868e-016,5.32151e-016,3.22742e-012
1.11022e-016,3.96484e-011,1,3.47319e-033,4.05418e-027,1.11022e-016
6.66134e-017,4.44089e-017,1,2.02709e-027,4.44089e-017,6.66134e-017
2.5e-021,1.25e-021,1,1.25e-021,1.25e-021,2.5e-021
1.66533e-016,1.11022e-016,1,1.01351e-027,1.11022e-016,1.66533e-016
5.55112e-017,3.93e-022,1,1.92801e-049,2.42257e-043,5.55112e-017
5e-021,4.84398e-054,1,2.33651e-043,2.4765e-070,5e-021
5e-021,5e-021,1,9.08466e-064,1.42804e-063,5e-021
0.00252621,0.635784,0.359156,1.47699e-009,8.06459e-006,0.00252621
4.80913e-006,0.00201912,0.997971,2.2582e-011,2.14293e-008,4.80913e-006
2.51161e-006,0.00114282,0.998852,1.22166e-011,1.09575e-008,2.51161e-006
1.23941e-011,1.38224e-008,1,6.07852e-017,3.45079e-014,1.23941e-011
1.28678e-006,0.000612151,0.999385,6.38988e-012,5.5583e-009,1.28678e-006
4.87371e-012,6.34442e-009,1,1.59664e-017,9.109e-015,4.87371e-012
4.03472e-012,5.9514e-009,1,7.98382e-018,4.55473e-015,4.03472e-012
1.11022e-016,6.00297e-021,1,3.75775e-026,4.5942e-027,1.11022e-016
6.52383e-007,0.000319917,0.999679,3.27267e-012,2.802e-009,6.52383e-007
2.07345e-012,3.01027e-009,1,4.10277e-018,2.35159e-015,2.07345e-012
1.85491e-012,2.90614e-009,1,2.05147e-018,1.17583e-015,1.85491e-012
1.11022e-016,1.17795e-015,1,3.80638e-030,5.16226e-027,1.11022e-016
1.74555e-012,2.85407e-009,1,1.02576e-018,5.87923e-016,1.74555e-012
5e-021,4.9824e-021,1,1.46567e-027,1.02635e-027,5e-021
5e-021,1.55231e-042,1,1.24614e-027,6.39532e-049,5e-021
5e-021,1.86887e-041,1,9.52466e-048,3.84977e-048,5e-021
3.29274e-007,0.000166539,0.999833,1.65676e-012,1.40713e-009,3.29274e-007
9.41303e-013,1.46185e-009,1,1.04174e-018,6.01306e-016,9.41303e-013
8.84737e-013,1.43449e-009,1,5.20883e-019,3.00658e-016,8.84737e-013
5.55112e-017,1.43626e-009,1,6.78299e-038,6.40087e-028,5.55112e-017
8.56648e-013,1.37103e-011,1,3.47576e-017,1.15833e-016,8.56648e-013
5e-021,2.9366e-024,1,3.42484e-028,2.48102e-029,5e-021
1.11022e-016,4.28428e-012,1,9.18196e-029,9.18189e-029,1.11022e-016
5.55112e-017,2.37825e-028,1,1.80941e-044,5.09697e-045,5.55112e-017
8.43492e-013,1.65206e-007,1,5.64716e-017,1.88238e-017,8.43492e-013
2.5e-021,1.25e-021,1,1.25622e-021,1.25e-021,2.5e-021
2.22045e-016,8.26036e-008,1,1.55492e-024,1.55492e-024,2.22045e-016
5e-021,6.82336e-015,1,7.86789e-050,7.19794e-040,5e-021
1.25e-021,6.25e-022,1,9.375e-021,6.25e-022,1.25e-021
3.33333e-021,1.66667e-021,1,3.32031e-041,1.66667e-021,3.33333e-021
1.25e-021,6.25e-022,1,3.125e-021,6.25e-022,1.25e-021
1.11111e-021,5.55556e-022,1,3.33333e-021,5.55556e-022,1.11111e-021
1.66187e-007,8.79642e-005,0.999912,8.33618e-013,7.05151e-010,1.66187e-007
4.46143e-013,1.46188e-011,1,3.69298e-017,1.17187e-016,4.46143e-013
4.31599e-013,7.12446e-010,1,1.31575e-019,7.69274e-017,4.31599e-013
1.66533e-016,7.13308e-010,1,4.32798e-039,8.01172e-029,1.66533e-016
4.24605e-013,8.33906e-008,1,2.88973e-017,9.6324e-018,4.24605e-013
1.11022e-016,9.6324e-018,1,8.03271e-025,8.03255e-025,1.11022e-016
2e-021,1e-021,1,2e-021,1e-021,2e-021
5e-021,7.15742e-030,1,1.49085e-047,1.47654e-047,5e-021
4.20719e-013,4.16651e-008,1,1.68568e-017,2.4081e-018,4.20719e-013
5e-021,4.81621e-018,1,8.10626e-030,6.02005e-025,5e-021
2e-021,1e-021,1,2.0004e-021,1e-021,2e-021
5e-021,9.65294e-024,1,4.28439e-050,4.55243e-041,5e-021
1.04083e-016,6.245e-017,1,3.55727e-030,6.245e-017,1.04083e-016
5e-021,6.66134e-017,1,6.71392e-046,1.18481e-046,5e-021
2e-021,1e-021,1,2e-021,1e-021,2e-021
5e-021,9.41545e-049,1,3.94936e-066,3.94936e-066,5e-021
4.25215e-013,4.41496e-005,0.999956,4.81601e-018,4.81643e-018,4.25215e-013
5e-021,2.2075e-005,0.999978,1.15977e-035,1.06316e-022,5e-021
5e-021,4.41496e-005,0.999956,2.89937e-036,5.31589e-023,5e-021
5e-021,2.2075e-005,0.999978,3.85327e-059,5.96582e-039,5e-021
4.83622e-018,4.41496e-005,0.999956,1.44969e-036,1.0245e-030,2.00266e-020
5e-021,4.41496e-005,0.999956,5.2542e-073,3.20026e-041,5e-021
2.00668e-020,4.41496e-005,0.999956,2.6271e-073,8.83663e-055,1e-020
5e-021,4.41496e-005,0.999956,1.72549e-146,1.32844e-074,5e-021
1.66533e-016,2.77556e-016,1,5.72187e-031,2.77556e-016,1.66533e-016
1.11022e-016,3.88578e-016,1,1.42932e-046,1.1117e-046,1.11022e-016
2e-021,1e-021,1,2e-021,1e-021,2e-021
5e-021,2.22045e-036,1,4.09248e-082,3.17628e-067,5e-021
5e-021,1.5e-020,1,1.5e-020,1.5e-020,5e-021
5e-021,6.66134e-036,1,1.10942e-066,3.69808e-067,5e-021
2e-021,1e-021,1,2e-021,1e-021,2e-021
2.5e-021,2.5e-021,1,4.72265e-145,2.5e-021,2.5e-021
0.0015245,0.637791,0.359156,7.38497e-010,4.06451e-006,0.0015245
1.97657e-006,0.00122046,0.998776,6.02426e-012,6.70171e-009,1.97657e-006
1.04137e-006,0.00069013,0.999308,3.28888e-012,3.4665e-009,1.04137e-006
2.78516e-012,4.18411e-009,1,6.436e-018,4.74539e-015,2.78516e-012
5.36065e-007,0.000369183,0.99963,1.72839e-012,1.77158e-009,5.36065e-007
1.1714e-012,1.96917e-009,1,1.71286e-018,1.26882e-015,1.1714e-012
1.01852e-012,1.87038e-009,1,8.56471e-019,6.34431e-016,1.01852e-012
2.91434e-016,9.71445e-017,1,1.4479e-027,9.71445e-017,2.91434e-016
2.72502e-007,0.000192516,0.999807,8.87336e-013,8.96856e-010,2.72502e-007
5.23859e-013,9.49233e-010,1,4.4331e-019,3.29821e-016,5.23859e-013
4.83946e-013,9.23045e-010,1,2.21661e-019,1.64913e-016,4.83946e-013
5.55112e-017,2.23352e-022,1,1.4232e-028,3.99046e-029,5.55112e-017
4.64129e-013,9.09951e-010,1,1.10832e-019,8.24575e-017,4.64129e-013
5e-021,3.16789e-022,1,6.00478e-029,2.87066e-029,5e-021
3.33067e-016,2.22045e-016,1,4.43543e-029,2.22045e-016,3.33067e-016
4.16334e-017,1.38778e-017,1,2.76006e-044,1.38778e-017,4.16334e-017
1.37786e-007,9.98159e-005,0.9999,4.49744e-013,4.51403e-010,1.37786e-007
2.45692e-013,4.65134e-010,1,1.13014e-019,8.46444e-017,2.45692e-013
2.35201e-013,4.58269e-010,1,5.65078e-020,4.23226e-017,2.35201e-013
5e-021,2.69654e-023,1,2.04327e-029,2.49034e-030,5e-021
2.30371e-013,3.92123e-019,1,2.11897e-017,3.3204e-031,2.30371e-013
1.11022e-016,5.30249e-022,1,4.87925e-030,1.32686e-026,1.11022e-016
2e-021,1e-021,1,2e-021,1e-021,2e-021
2.5e-021,1.25e-021,1,1.25e-021,1.25e-021,2.5e-021
2.25875e-013,3.48285e-008,1,5.30034e-018,5.29452e-018,2.25875e-013
5e-021,1.74147e-008,1,1.40391e-035,9.23038e-026,5e-021
5e-021,1.74145e-008,1,2.30759e-026,2.30759e-026,5e-021
5e-021,1.74145e-008,1,4.05179e-062,6.16159e-044,5e-021
2.77556e-016,1.74145e-008,1,2.56485e-029,2.56485e-029,2.77556e-016
5e-021,1.74145e-008,1,4.94466e-068,1.71525e-044,5e-021
5e-021,1.74145e-008,1,5.7119e-045,5.7119e-045,5e-021
5e-021,1.74145e-008,1,5.30725e-123,1.14238e-064,5e-021
6.96661e-008,5.23321e-005,0.999948,2.26429e-013,2.26473e-010,6.96661e-008
1.18572e-013,1.16879e-010,1,2.99111e-018,1.874e-017,1.18572e-013
1.15907e-013,2.62362e-005,0.999974,5.43266e-018,5.43295e-018,1.15907e-013
1.66533e-016,5.24717e-005,0.999948,1.02696e-053,1.42638e-030,1.66533e-016
1.15075e-013,3.50321e-008,1,2.7174e-018,2.71542e-018,1.15075e-013
5.55112e-017,5.4389e-018,1,2.34922e-034,6.99288e-029,5.55112e-017
5.55112e-017,3.50322e-008,1,1.74823e-029,1.74823e-029,5.55112e-017
5.55112e-017,3.50322e-008,1,4.27625e-072,3.66783e-049,5.55112e-017
1.13021e-013,3.49111e-008,1,2.03731e-018,6.79103e-019,1.13021e-013
5e-021,3.49113e-008,1,9.22364e-037,4.74168e-026,5e-021
5e-021,4.6118e-037,1,2.37084e-026,1.61003e-044,5e-021
2.5e-021,2.5e-021,1,2.37189e-046,2.5e-021,2.5e-021
5.55112e-016,6.98223e-008,1,6.62891e-032,6.62891e-032,5.55112e-016
1.11022e-016,6.98223e-008,1,1.09856e-063,2.31423e-039,1.11022e-016
1.9984e-016,1.33227e-016,1,2.94383e-047,1.33227e-016,1.9984e-016
2.498e-016,8.32667e-017,1,2.94383e-067,8.32667e-017,2.498e-016
4.4402e-014,7.40033e-014,1,1.35821e-018,7.40033e-014,4.4402e-014
1.66667e-021,3.33333e-021,1,1.60895e-031,3.33333e-021,1.66667e-021
1.25e-021,6.25e-022,1,6.45833e-021,6.25e-022,1.25e-021
1.66667e-021,3.33333e-021,1,2.5e-041,3.33333e-021,1.66667e-021
1.25e-021,6.25e-022,1,1.38194e-020,6.25e-022,1.25e-021
3.33333e-021,1.66667e-021,1,6.8697e-041,1.66667e-021,3.33333e-021
1.25e-021,6.25e-022,1,3.125e-021,6.25e-022,1.25e-021
1.11111e-021,5.55556e-022,1,3.33333e-021,5.55556e-022,1.11111e-021
2.77556e-016,8.5907e-028,1,1.99045e-032,1.45849e-046,2.77556e-016
2.5e-021,1.25e-021,1,1.25e-021,1.25e-021,2.5e-021
5.55112e-017,2.95319e-014,1,1.10492e-046,1.10492e-046,5.55112e-017
5e-021,8.8525e-028,1,6.18553e-081,4.90685e-062,5e-021
5e-021,6.17724e-056,1,1.20437e-046,4.71905e-088,5e-021
5e-021,5e-021,1,9.03275e-067,3.01092e-067,5e-021
5e-021,3.15304e-014,1,6.02183e-067,6.02183e-067,5e-021
5e-021,1.57652e-034,1,9.03275e-087,3.01092e-087,5e-021
3.54124e-008,2.83012e-005,0.999972,1.13608e-013,1.13433e-010,3.54124e-008
5.82312e-014,7.11385e-008,1,6.44679e-024,5.63184e-018,5.82312e-014
3.44058e-014,2.29372e-014,1,2.81593e-018,2.29372e-014,3.44058e-014
5e-021,7.2047e-027,1,3.35384e-031,2.88766e-032,5e-021
5.72875e-014,1.41862e-005,0.999986,7.03974e-019,7.03994e-019,5.72875e-014
1.66533e-016,7.09312e-006,0.999993,2.47795e-037,4.99341e-024,1.66533e-016
2e-021,1e-021,1,2e-021,1e-021,2e-021
2.5e-021,1.25e-021,1,1.25e-021,1.25e-021,2.5e-021
5.7232e-014,3.55543e-006,0.999996,5.27987e-019,1.75998e-019,5.7232e-014
1.11022e-016,3.55543e-006,0.999996,6.19492e-038,1.25148e-024,1.11022e-016
1.66533e-016,3.55543e-006,0.999996,7.26692e-031,7.26697e-031,1.66533e-016
5e-021,1.26416e-011,1,2.57793e-074,3.22843e-046,5e-021
5e-021,3.55543e-006,0.999996,5.45108e-031,1.81705e-031,5e-021
2.5e-021,1.25e-021,1,1.25e-021,1.25e-021,2.5e-021
2e-021,1e-021,1,2e-021,1e-021,2e-021
5e-021,6.32055e-032,1,5.45113e-071,1.81704e-071,5e-021
2.08375e-014,3.47292e-014,1,3.51993e-019,3.47292e-014,2.08375e-014
4.31753e-017,1.23358e-017,1,1.95395e-032,1.23358e-017,4.31753e-017
4.44089e-017,1.11022e-017,1,9.76977e-033,1.11022e-017,4.44089e-017
5.55112e-017,1.11022e-013,1,5.99645e-077,9.57418e-052,5.55112e-017
1.25e-021,6.25e-022,1,7.125e-021,6.25e-022,1.25e-021
1.11111e-021,5.55556e-022,1,3.33333e-021,5.55556e-022,1.11111e-021
2e-021,1e-021,1,2e-021,1e-021,2e-021
5e-021,5e-021,1,3.69297e-073,2.89299e-067,5e-021
1.25e-021,6.25e-022,1,1.7375e-020,6.25e-022,1.25e-021
3.33333e-021,1.66667e-021,1,1.04203e-040,1.66667e-021,3.33333e-021
1.25e-021,6.25e-022,1,9.79167e-021,6.25e-022,1.25e-021
1.11111e-021,5.55556e-022,1,3.33333e-021,5.55556e-022,1.11111e-021
1.25e-021,6.25e-022,1,1.4375e-020,6.25e-022,1.25e-021
3.33333e-021,1.66667e-021,1,7.38281e-041,1.66667e-021,3.33333e-021
1.25e-021,6.25e-022,1,9.79167e-021,6.25e-022,1.25e-021
1.11111e-021,5.55556e-022,1,3.33333e-021,5.55556e-022,1.11111e-021
2.78388e-014,2.78388e-014,1,1.75996e-019,2.78388e-014,2.78388e-014
5e-021,6.26998e-014,1,4.29137e-033,5.51747e-033,5e-021
5e-021,1.11466e-013,1,3.87184e-039,4.90442e-033,5e-021
5e-021,1.11688e-013,1,3.74778e-078,5.44716e-049,5e-021
2e-021,1e-021,1,2e-021,1e-021,2e-021
5e-021,5e-021,1,1.83183e-053,6.10611e-054,5e-021
2e-021,1e-021,1,2e-021,1e-021,2e-021
2.5e-021,1.25e-021,1,1.25e-021,1.25e-021,2.5e-021
5.6205e-016,9.36751e-016,1,1.19191e-033,9.36751e-016,5.6205e-016
1.11111e-021,1.11111e-021,1,2.77778e-021,1.11111e-021,1.11111e-021
2e-021,1e-021,1,2e-021,1e-021,2e-021
2.5e-021,2.5e-021,1,2.9774e-069,2.5e-021,2.5e-021
5e-021,2.22055e-016,1,2.11726e-049,2.22055e-016,5e-021
5e-021,2.11726e-049,1,4.70148e-065,4.87054e-082,5e-021
2e-021,1e-021,1,2e-021,1e-021,2e-021
2.5e-021,1.25e-021,1,1.25e-021,1.25e-021,2.5e-021
4.16334e-015,1.03029e-013,1,2.37767e-040,6.1604e-034,4.16334e-015
5e-021,1.11467e-013,1,1.41333e-080,2.59899e-048,5e-021
5e-021,1.11467e-013,1,7.06663e-081,1.2995e-048,5e-021
5e-021,3.11857e-027,1,7.84554e-097,1.44273e-064,5e-021
1.66533e-016,1.11022e-013,1,3.53332e-081,6.15551e-049,1.66533e-016
5e-021,1.11467e-013,1,3.12108e-162,1.3668e-064,5e-021
2e-021,1e-021,1,2e-021,1e-021,2e-021
2.5e-021,1.25e-021,1,1.25e-021,1.25e-021,2.5e-021
6.66139e-016,5.50671e-014,1,1.36789e-049,1.36789e-049,6.66139e-016
5e-021,5.63994e-014,1,4.67782e-099,3.94854e-063,5e-021
1.25e-021,6.25e-022,1,3.125e-021,6.25e-022,1.25e-021
1.66667e-021,2.22222e-021,1,1.11111e-021,2.22222e-021,1.66667e-021
1.66533e-016,5.59553e-014,1,3.02075e-131,3.03733e-065,1.66533e-016
5e-021,5.63994e-014,1,2.28123e-262,6.74423e-081,5e-021
2e-021,1e-021,1,2e-021,1e-021,2e-021
5e-021,3.37212e-081,1,6.74423e-101,1.04743e-110,5e-021
0.0801055,0.240317,0.358972,0.000184162,0.240317,0.0801055
0.0803739,0.480157,0.358972,2.36199e-008,0.000123167,0.0803739
0.0498565,0.54123,0.358971,1.18099e-008,8.51029e-005,0.0498565
0.00132464,0.0358335,0.961513,3.02046e-009,4.59587e-006,0.00132464
0.0284413,0.584094,0.358971,5.90497e-009,5.19029e-005,0.0284413
0.000426326,0.0215006,0.977645,9.98713e-010,1.5459e-006,0.000426326
0.000216964,0.0122921,0.987273,5.49308e-010,7.90715e-007,0.000216964
2.6255e-008,3.46192e-006,0.999996,2.76552e-013,1.75021e-010,2.6255e-008
0.0153879,0.610224,0.358971,2.95249e-009,2.90307e-005,0.0153879
0.000125934,0.0119693,0.987778,2.93858e-010,4.59181e-007,0.000125934
6.38386e-005,0.00680408,0.993068,1.59435e-010,2.32701e-007,6.38386e-005
2.51408e-009,6.67053e-007,0.999999,2.37716e-014,1.54019e-011,2.51408e-009
3.21539e-005,0.00364942,0.996286,8.36358e-011,1.17176e-007,3.21539e-005
6.65783e-010,2.34418e-007,1,6.13195e-015,3.92089e-012,6.65783e-010
3.53908e-010,5.87563e-008,1,7.96946e-014,1.88397e-012,3.53908e-010
4.02456e-014,7.097e-010,1,7.66589e-026,3.03712e-021,4.02456e-014
0.00811291,0.624787,0.358971,1.47624e-009,1.54118e-005,0.00811291
3.6231e-005,0.00640731,0.99352,8.0444e-011,1.27538e-007,3.6231e-005
1.83894e-005,0.00363088,0.996332,4.33466e-011,6.43768e-008,1.83894e-005
2.49252e-010,1.31092e-007,1,1.83611e-015,1.26279e-012,2.49252e-010
9.27091e-006,0.00194327,0.998038,2.26372e-011,3.23599e-008,9.27091e-006
7.0023e-011,5.03533e-008,1,4.72236e-016,3.22037e-013,7.0023e-011
4.06837e-011,4.13591e-008,1,2.36171e-016,1.61028e-013,4.06837e-011
1.11022e-016,4.14406e-008,1,1.39442e-032,1.14512e-023,1.11022e-016
4.65626e-006,0.00101164,0.998979,1.1587e-011,1.62258e-008,4.65626e-006
2.07389e-011,2.09293e-008,1,1.19894e-016,8.14177e-014,2.07389e-011
1.32692e-011,2.35615e-009,1,2.9938e-015,3.77763e-014,1.32692e-011
1.77636e-015,1.33067e-011,1,1.9921e-026,4.04838e-024,1.77636e-015
9.53571e-012,1.17815e-009,1,1.49718e-015,1.88882e-014,9.53571e-012
9.4369e-016,1.19724e-009,1,5.60388e-031,1.07644e-024,9.4369e-016
2.88658e-016,4.32987e-016,1,5.3822e-025,4.32987e-016,2.88658e-016
5e-021,2.04427e-014,1,1.27646e-053,4.85765e-040,5e-021
0.0042618,0.632497,0.358971,7.38122e-010,7.94876e-006,0.0042618
1.07036e-005,0.00339233,0.996586,2.11962e-011,3.45808e-008,1.07036e-005
5.46574e-006,0.00191912,0.99807,1.13929e-011,1.74563e-008,5.46574e-006
2.9013e-011,2.79341e-008,1,1.38612e-016,1.0636e-013,2.9013e-011
2.76519e-006,0.00102589,0.998969,5.93941e-012,8.77908e-009,2.76519e-006
9.04499e-012,1.16121e-008,1,3.57264e-017,2.73249e-014,9.04499e-012
6.00903e-012,1.01958e-008,1,1.78653e-017,1.36631e-014,6.00903e-012
1.66533e-016,1.36631e-014,1,1.54142e-028,1.73175e-025,1.66533e-016
1.39155e-006,0.000533608,0.999464,3.03697e-012,4.40376e-009,1.39155e-006
3.0741e-012,5.14522e-009,1,9.08219e-018,6.93864e-015,3.0741e-012
2.29655e-012,4.77452e-009,1,4.54138e-018,3.46941e-015,2.29655e-012
5e-021,4.77912e-009,1,5.15604e-036,1.88232e-026,5e-021
1.90825e-012,4.58915e-009,1,2.27076e-018,1.73472e-015,1.90825e-012
5e-021,1.90999e-012,1,2.16856e-030,8.52365e-027,5e-021
4.996e-016,1.73736e-015,1,2.16733e-030,4.26055e-027,4.996e-016
2.22045e-016,1.44664e-031,1,7.12128e-043,3.54762e-043,2.22045e-016
6.98459e-007,0.000275119,0.999723,1.53619e-012,2.20564e-009,6.98459e-007
1.16379e-012,2.39751e-009,1,2.29102e-018,1.75191e-015,1.16379e-012
9.66283e-013,2.30158e-009,1,1.14555e-018,8.75968e-016,9.66283e-013
5.55112e-017,1.11193e-021,1,1.74278e-027,4.23192e-028,5.55112e-017
8.66807e-013,4.80457e-011,1,5.34213e-017,3.85138e-016,8.66807e-013
5e-021,4.1649e-023,1,1.32969e-027,3.33862e-028,5e-021
2e-021,1e-021,1,2e-021,1e-021,2e-021
5e-021,3.90459e-044,1,8.0068e-048,3.12996e-049,5e-021
8.1557e-013,4.59557e-009,1,1.34367e-019,2.19146e-016,8.1557e-013
5e-021,4.5972e-009,1,4.51365e-039,4.87622e-028,5e-021
5e-021,8.7845e-043,1,2.43823e-028,8.37803e-050,5e-021
5e-021,1.87451e-041,1,1.68909e-048,8.93888e-049,5e-021
4.16334e-017,6.93889e-017,1,1.21912e-028,6.93889e-017,4.16334e-017
4.31753e-017,1.23358e-017,1,1.35349e-044,1.23358e-017,4.31753e-017
4.16334e-017,6.93889e-017,1,1.35349e-044,6.93889e-017,4.16334e-017
2.46716e-017,8.63507e-017,1,1.35349e-064,8.63507e-017,2.46716e-017
0.002279,0.636466,0.358971,3.69061e-010,4.03767e-006,0.002279
3.40949e-006,0.0018212,0.998172,5.50054e-012,9.47839e-009,3.40949e-006
1.7586e-006,0.00102933,0.998967,2.95908e-012,4.80305e-009,1.7586e-006
4.26209e-012,6.61123e-009,1,1.0981e-017,9.97077e-015,4.26209e-012
8.94679e-007,0.000549823,0.999448,1.54304e-012,2.4222e-009,8.94679e-007
1.50469e-012,2.91352e-009,1,2.84955e-018,2.59147e-015,1.50469e-012
1.13892e-012,2.66788e-009,1,1.42487e-018,1.29578e-015,1.13892e-012
2.22045e-016,2.27881e-012,1,9.23669e-034,3.37832e-027,2.22045e-016
4.51618e-007,0.000285778,0.999713,7.89048e-013,1.21701e-009,4.51618e-007
5.83478e-013,1.34591e-009,1,7.27162e-019,6.62397e-016,5.83478e-013
4.8872e-013,6.45382e-011,1,5.67549e-017,2.74813e-016,4.8872e-013
5e-021,6.55166e-011,1,8.0528e-034,1.99361e-027,5e-021
4.41203e-013,3.22697e-011,1,2.8379e-017,1.37407e-016,4.41203e-013
5e-021,3.31522e-011,1,2.01341e-034,5.31042e-028,5e-021
2e-021,1e-021,1,2e-021,1e-021,2e-021
2.5e-021,1.25e-021,1,1.25e-021,1.25e-021,2.5e-021
2.27103e-007,0.0001472,0.999852,3.9913e-013,6.1009e-010,2.27103e-007
2.47857e-013,6.43476e-010,1,1.83825e-019,1.67933e-016,2.47857e-013
2.23765e-013,6.26783e-010,1,9.1914e-020,8.39672e-017,2.23765e-013
5e-021,3.13839e-010,1,1.93155e-036,4.7621e-029,5e-021
2.11942e-013,6.18437e-010,1,4.59574e-020,4.19838e-017,2.11942e-013
5.55112e-017,6.55362e-023,1,1.86701e-029,4.44906e-030,5.55112e-017
6.66134e-017,4.44089e-017,1,1.15573e-029,4.44089e-017,6.66134e-017
5.55112e-017,1.71768e-026,1,9.62416e-046,3.20778e-046,5.55112e-017
2.06335e-013,3.407e-010,1,2.10148e-017,9.6979e-023,2.06335e-013
5.55112e-017,3.41112e-010,1,1.10406e-034,7.16405e-027,5.55112e-017
2e-021,1e-021,1,2.00001e-021,1e-021,2e-021
5e-021,7.56734e-026,1,4.35186e-043,3.97561e-043,5e-021
1.25e-021,6.25e-022,1,7.125e-021,6.25e-022,1.25e-021
1.11111e-021,5.55556e-022,1,3.33333e-021,5.55556e-022,1.11111e-021
2e-021,1e-021,1,2e-021,1e-021,2e-021
5e-021,5e-021,1,4.41652e-071,7.3564e-071,5e-021
1.14072e-007,7.62081e-005,0.999924,2.00745e-013,3.05454e-010,1.14072e-007
1.12632e-013,8.69339e-012,1,7.69591e-018,3.48438e-017,1.12632e-013
1.0647e-013,3.09795e-010,1,2.31285e-020,2.12469e-017,1.0647e-013
5e-021,3.10008e-010,1,1.33732e-040,5.84965e-030,5e-021
1.03584e-013,2.17338e-012,1,1.92406e-018,8.71096e-018,1.03584e-013
5.55112e-017,1.29387e-012,1,5.11561e-036,3.1925e-030,5.55112e-017
1.11022e-016,2.38033e-012,1,4.62751e-037,1.59566e-030,1.11022e-016
5.55112e-017,1.32135e-028,1,8.91277e-047,8.85769e-047,5.55112e-017
7.64389e-014,2.54796e-014,1,5.31752e-018,2.54796e-014,7.64389e-014
5e-021,6.11511e-014,1,3.79374e-031,1.62586e-031,5e-021
5e-021,1.29053e-012,1,1.15689e-037,5.3234e-031,5e-021
2.5e-021,1.25e-021,1,1.25e-021,1.25e-021,2.5e-021
5.55112e-017,1.66533e-016,1,2.65875e-031,1.66533e-016,5.55112e-017
5e-021,4.44089e-016,1,1.76723e-062,5.9036e-047,5e-021
1.25e-021,6.25e-022,1,5.625e-021,6.25e-022,1.25e-021
1.11111e-021,5.55556e-022,1,3.33333e-021,5.55556e-022,1.11111e-021
7.79793e-014,2.59931e-014,1,2.65876e-018,2.59931e-014,7.79793e-014
1.66667e-021,3.33333e-021,1,2.77177e-031,3.33333e-021,1.66667e-021
2.08167e-017,3.46945e-017,1,6.08218e-029,3.46945e-017,2.08167e-017
1.11111e-021,5.55556e-022,1,3.33333e-021,5.55556e-022,1.11111e-021
2.08167e-016,3.46945e-016,1,6.35103e-024,3.46945e-016,2.08167e-016
1.66533e-016,6.66134e-016,1,1.00839e-047,2.11532e-039,1.66533e-016
2e-021,1e-021,1,2e-021,1e-021,2e-021
2.5e-021,1.25e-021,1,1.25e-021,1.25e-021,2.5e-021
1.25e-021,6.25e-022,1,3.1875e-020,6.25e-022,1.25e-021
3.33333e-021,1.66667e-021,1,3.14453e-040,1.66667e-021,3.33333e-021
1.25e-021,6.25e-022,1,3.125e-021,6.25e-022,1.25e-021
1.11111e-021,5.55556e-022,1,3.33333e-021,5.55556e-022,1.11111e-021
1.25e-021,6.25e-022,1,2.27083e-020,6.25e-022,1.25e-021
3.33333e-021,1.66667e-021,1,1.69314e-040,1.66667e-021,3.33333e-021
1.25e-021,6.25e-022,1,9.79167e-021,6.25e-022,1.25e-021
1.11111e-021,5.55556e-022,1,3.33333e-021,5.55556e-022,1.11111e-021
0.00127277,0.638481,0.358971,1.8453e-010,2.03499e-006,0.00127277
1.21816e-006,0.00101902,0.998979,1.43038e-012,2.71794e-009,1.21816e-006
6.35591e-007,0.000575603,0.999423,7.72963e-013,1.38828e-009,6.35591e-007
7.87925e-013,1.75378e-009,1,9.73795e-019,1.10493e-015,7.87925e-013
3.25382e-007,0.000307269,0.999692,4.04003e-013,7.03823e-010,3.25382e-007
3.0892e-013,8.03702e-010,1,2.5546e-019,2.91095e-016,3.0892e-013
2.55462e-013,6.63272e-007,0.999999,7.11235e-023,1.45679e-016,2.55462e-013
5e-021,4.23971e-020,1,5.15282e-029,9.31193e-030,5e-021
1.64804e-007,0.000159572,0.99984,2.0683e-013,3.54705e-010,1.64804e-007
1.31339e-013,2.62991e-011,1,1.65697e-017,5.84568e-017,1.31339e-013
1.17462e-013,3.6784e-010,1,3.27906e-020,3.7481e-017,1.17462e-013
5e-021,3.68076e-010,1,2.68805e-040,1.04418e-029,5e-021
1.10245e-013,2.49154e-007,1,2.13988e-021,1.87549e-017,1.10245e-013
5.55112e-017,2.74681e-020,1,2.6658e-028,2.06763e-030,5.55112e-017
1.9984e-016,1.33227e-016,1,1.34321e-028,1.33227e-016,1.9984e-016
2.5e-021,1.25e-021,1,1.25e-021,1.25e-021,2.5e-021
8.30427e-008,8.20754e-005,0.999918,1.04683e-013,1.78103e-010,8.30427e-008
5.9508e-014,1.67948e-007,1,9.32527e-024,1.9103e-017,5.9508e-014
5.60108e-014,8.35528e-008,1,4.77578e-018,4.77578e-018,5.60108e-014
2.22045e-016,8.35529e-008,1,1.11341e-041,9.23007e-031,2.22045e-016
2.05044e-014,3.41741e-014,1,4.7758e-018,3.41741e-014,2.05044e-014
5e-021,1.09468e-013,1,5.70206e-036,2.61398e-031,5e-021
5e-021,6.02885e-048,1,3.17358e-031,3.19985e-055,5e-021
5e-021,5.45202e-040,1,2.07654e-047,1.44685e-047,5e-021
3.26406e-014,2.17604e-014,1,2.3879e-018,2.17604e-014,3.26406e-014
1.66533e-016,5.34582e-013,1,5.35471e-037,4.41371e-031,1.66533e-016
4.44089e-017,1.11022e-017,1,2.20818e-031,1.11022e-017,4.44089e-017
5.55112e-017,2.31096e-039,1,2.01551e-050,4.52523e-052,5.55112e-017
1.11022e-015,5.32584e-013,1,1.33868e-037,1.09746e-031,1.11022e-015
1.66533e-016,1.9984e-015,1,3.01106e-063,1.09659e-046,1.66533e-016
2.08167e-017,3.46945e-017,1,2.5e-021,3.46945e-017,2.08167e-017
1.23358e-017,4.31753e-017,1,2.03125e-041,4.31753e-017,1.23358e-017
4.17799e-008,4.23803e-005,0.999958,5.26662e-014,8.9246e-011,4.17799e-008
2.80886e-014,8.40981e-008,1,2.35087e-024,4.84892e-018,2.80886e-014
2.7367e-014,4.24639e-005,0.999958,3.4673e-028,2.42447e-018,2.7367e-014
2.77556e-017,2.77556e-017,1,7.35794e-032,2.77556e-017,2.77556e-017
2.64233e-014,4.18807e-008,1,6.06119e-019,6.06119e-019,2.64233e-014
5e-021,4.13902e-014,1,3.88277e-039,5.66461e-032,5e-021
2.08167e-017,3.46945e-017,1,2.8323e-032,3.46945e-017,2.08167e-017
1.66667e-021,3.33333e-021,1,3.14449e-048,3.33333e-021,1.66667e-021
6.60583e-015,1.98175e-014,1,6.0612e-019,1.98175e-014,6.60583e-015
5e-021,2.31204e-014,1,9.00892e-033,7.00686e-033,5e-021
1.25e-021,6.25e-022,1,3.125e-021,6.25e-022,1.25e-021
1.11111e-021,5.55556e-022,1,3.33333e-021,5.55556e-022,1.11111e-021
5.55112e-017,1.66533e-016,1,7.04504e-033,1.66533e-016,5.55112e-017
3.33333e-021,1.66667e-021,1,3.12863e-048,1.66667e-021,3.33333e-021
2e-021,1e-021,1,2e-021,1e-021,2e-021
2.5e-021,1.25e-021,1,1.25e-021,1.25e-021,2.5e-021
1.05124e-014,1.75207e-014,1,3.0306e-019,1.75207e-014,1.05124e-014
5e-021,5.66214e-015,1,7.72188e-033,8.57984e-034,5e-021
2e-021,1e-021,1,2e-021,1e-021,2e-021
2.5e-021,2.5e-021,1,1.37895e-048,2.5e-021,2.5e-021
4.996e-016,5.8054e-028,1,1.8658e-033,1.2225e-033,4.996e-016
5e-021,5.55112e-016,1,5.17864e-049,1.19649e-048,5e-021
3.33067e-017,2.22045e-017,1,6.85741e-049,2.22045e-017,3.33067e-017
5e-021,2.46519e-032,1,5.70994e-065,1.90331e-065,5e-021
1.44329e-015,3.99683e-014,1,5.83017e-035,1.43538e-033,1.44329e-015
5e-021,1.43538e-033,1,2.15581e-048,1.16511e-048,5e-021
5.55112e-017,1.99696e-029,1,2.77875e-049,1.29967e-048,5.55112e-017
2.5e-021,1.25e-021,1,1.25e-021,1.25e-021,2.5e-021
2.2206e-016,6.23004e-062,1,2.58457e-049,3.16244e-095,2.2206e-016
3.33333e-021,1.66667e-021,1,1.23271e-032,1.66667e-021,3.33333e-021
2e-021,1e-021,1,2e-021,1e-021,2e-021
5e-021,2.42789e-066,1,2.86945e-085,2.42536e-086,5e-021
2.10513e-008,2.22914e-005,0.999978,2.64153e-014,4.46726e-011,2.10513e-008
1.37113e-014,4.51413e-011,1,1.05558e-021,1.23484e-018,1.37113e-014
1.35447e-014,1.11879e-005,0.999989,1.47594e-025,6.17946e-019,1.35447e-014
5e-021,3.08972e-019,1,4.21189e-031,4.12819e-031,5e-021
8.06022e-015,5.37348e-015,1,3.08974e-019,5.37348e-015,8.06022e-015
5.55112e-017,5.61967e-014,1,1.47861e-038,9.76491e-033,5.55112e-017
3.33067e-016,4.24299e-014,1,2.09522e-033,2.09522e-033,3.33067e-016
2.5e-021,1.25e-021,1,1.25e-021,1.25e-021,2.5e-021
9.74221e-015,3.2474e-015,1,1.54487e-019,3.2474e-015,9.74221e-015
5e-021,2.35437e-014,1,1.88136e-034,1.81859e-033,5e-021
2e-021,1e-021,1,2e-021,1e-021,2e-021
2.5e-021,1.25e-021,1,1.25e-021,1.25e-021,2.5e-021
4.16334e-017,6.93889e-017,1,7.68214e-034,6.93889e-017,4.16334e-017
4.31753e-017,1.23358e-017,1,8.52889e-050,1.23358e-017,4.31753e-017
6.66134e-017,4.44089e-017,1,8.52907e-050,4.44089e-017,6.66134e-017
5.55112e-017,5.55112e-017,1,8.52907e-070,5.55112e-017,5.55112e-017
1.03695e-014,2.30926e-015,1,7.72435e-020,2.30926e-015,1.03695e-014
5e-021,4.03011e-015,1,8.23702e-034,1.5565e-034,5e-021
5e-021,1.1724e-014,1,2.67564e-034,2.264e-034,5e-021
5e-021,1.1724e-014,1,1.78976e-068,1.56846e-048,5e-021
2.2205e-016,2.22045e-016,1,2.40121e-034,2.22045e-016,2.2205e-016
5e-021,8.88178e-016,1,1.44146e-068,7.33653e-049,5e-021
1.66533e-016,8.92619e-015,1,1.70084e-049,1.70084e-049,1.66533e-016
1.11022e-016,9.14824e-015,1,5.51633e-119,3.77662e-065,1.11022e-016
2e-021,1e-021,1,2e-021,1e-021,2e-021
5e-021,2.08419e-137,1,1.62489e-054,1.67069e-142,5e-021
2e-021,1e-021,1,2e-021,1e-021,2e-021
5e-021,1.86377e-099,1,1.62489e-074,7.47002e-105,5e-021
1.25e-021,6.25e-022,1,1.8125e-020,6.25e-022,1.25e-021
1.11111e-021,1.11111e-021,1,2.77778e-021,1.11111e-021,1.11111e-021
1.25e-021,6.25e-022,1,3.125e-021,6.25e-022,1.25e-021
3.88889e-021,1.11111e-021,1,6.25e-061,1.11111e-021,3.88889e-021
1.4988e-015,2.498e-015,1,3.86218e-020,2.498e-015,1.4988e-015
5e-021,7.99361e-015,1,3.7291e-040,1.54364e-034,5e-021
2e-021,1e-021,1,2e-021,1e-021,2e-021
5e-021,1e-020,1,1.92955e-055,7.7121e-050,5e-021
1.5e-020,1.39888e-015,1,3.18376e-035,6.7534e-036,1.5e-020
5e-021,1.3989e-015,1,2.42006e-070,2.50842e-055,5e-021
5e-021,5e-021,1,5e-021,5e-021,5e-021
5e-021,1.39892e-015,1,1.13064e-121,5.58477e-091,5e-021
4.44094e-016,8.88178e-016,1,1.50076e-035,2.14394e-036,4.44094e-016
5e-021,1.77636e-015,1,5.5158e-071,1.90421e-050,5e-021
1e-020,5e-021,1,1.90421e-051,5e-021,1e-020
5e-021,1.90421e-051,1,1.90421e-071,2.44951e-086,5e-021
3.33067e-016,2.22045e-016,1,7.14079e-052,2.38026e-052,3.33067e-016
5e-021,4.9963e-016,1,5.94626e-068,1.98209e-067,5e-021
3.33067e-016,2.22085e-016,1,6.37385e-104,3.96488e-068,3.33067e-016
5.55112e-017,8.88218e-016,1,1.01565e-207,6.60286e-084,5.55112e-017
1.25e-021,6.25e-022,1,3.7875e-020,6.25e-022,1.25e-021
3.33333e-021,1.66667e-021,1,4.32203e-040,1.66667e-021,3.33333e-021
1.25e-021,6.25e-022,1,3.125e-021,6.25e-022,1.25e-021
1.11111e-021,5.55556e-022,1,3.33333e-021,5.55556e-022,1.11111e-021
1.25e-021,6.25e-022,1,2.27083e-020,6.25e-022,1.25e-021
3.33333e-021,1.66667e-021,1,1.69314e-040,1.66667e-021,3.33333e-021
1.25e-021,6.25e-022,1,9.79167e-021,6.25e-022,1.25e-021
1.11111e-021,5.55556e-022,1,3.33333e-021,5.55556e-022,1.11111e-021
1.25e-021,6.25e-022,1,3.1875e-020,6.25e-022,1.25e-021
3.33333e-021,1.66667e-021,1,3.14453e-040,1.66667e-021,3.33333e-021
1.25e-021,6.25e-022,1,3.125e-021,6.25e-022,1.25e-021
1.11111e-021,5.55556e-022,1,3.33333e-021,5.55556e-022,1.11111e-021
1.25e-021,6.25e-022,1,2.27083e-020,6.25e-022,1.25e-021
3.33333e-021,1.66667e-021,1,1.69314e-040,1.66667e-021,3.33333e-021
1.25e-021,6.25e-022,1,9.79167e-021,6.25e-022,1.25e-021
1.11111e-021,5.55556e-022,1,3.33333e-021,5.55556e-022,1.11111e-021
0.00076588,0.639496,0.358971,9.22652e-011,1.02158e-006,0.00076588
4.98063e-007,0.000613691,0.999385,3.7934e-013,8.44871e-010,4.98063e-007
2.6223e-007,0.000346485,0.999653,2.0697e-013,4.36715e-010,2.6223e-007
1.75915e-013,5.27506e-010,1,1.02008e-019,1.50385e-016,1.75915e-013
1.34894e-007,0.000184839,0.999815,1.08725e-013,2.23108e-010,1.34894e-007
7.38298e-014,2.49348e-011,1,1.00768e-017,3.0096e-017,7.38298e-014
6.36158e-014,0.000185109,0.999815,1.47791e-027,2.00867e-017,6.36158e-014
1.11022e-016,8.5672e-009,1,2.34805e-041,1.41251e-030,1.11022e-016
6.85002e-008,9.58842e-005,0.999904,5.58051e-014,1.12928e-010,6.85002e-008
3.29181e-014,4.80804e-005,0.999952,1.57634e-024,1.04182e-017,3.29181e-014
1.82854e-014,1.21902e-014,1,5.20914e-018,1.21902e-014,1.82854e-014
5.55112e-017,6.08441e-014,1,3.04385e-036,2.36109e-030,5.55112e-017
2.93099e-014,2.40405e-005,0.999976,1.30226e-018,1.30232e-018,2.93099e-014
5e-021,1.20203e-005,0.999988,8.47972e-037,1.56538e-023,5e-021
5e-021,1.20203e-005,0.999988,2.38765e-030,2.38771e-030,5e-021
2.5e-020,2.40405e-005,0.999976,4.11574e-087,5.70103e-060,5e-021
3.45695e-008,4.9216e-005,0.999951,2.82812e-014,5.68335e-011,3.45695e-008
1.54321e-014,4.92852e-005,0.999951,1.99966e-028,2.66246e-018,1.54321e-014
1.45439e-014,1.7645e-008,1,3.6704e-022,1.33087e-018,1.45439e-014
5.55112e-017,1.7645e-008,1,3.36796e-044,3.25758e-030,5.55112e-017
1.44884e-014,1.23388e-005,0.999988,3.32806e-019,3.32814e-019,1.44884e-014
5.55112e-017,1.23388e-005,0.999988,2.76903e-038,2.05324e-024,5.55112e-017
2e-021,1e-021,1,2e-021,1e-021,2e-021
5e-021,1.66404e-039,1,5.71177e-050,1.55025e-051,5e-021
1.50435e-014,1.42615e-011,1,2.49664e-019,8.31468e-020,1.50435e-014
5.55112e-017,5.55112e-017,1,2.37977e-030,5.55112e-017,5.55112e-017
2e-021,1e-021,1,2e-021,1e-021,2e-021
5e-021,5.38337e-046,1,1.18959e-050,3.13859e-054,5e-021
1.25e-021,6.25e-022,1,7.125e-021,6.25e-022,1.25e-021
1.11111e-021,5.55556e-022,1,3.33333e-021,5.55556e-022,1.11111e-021
5e-021,4.31866e-092,1,2.8852e-053,5.0357e-100,5e-021
5e-021,5e-021,1,1.98216e-073,9.03038e-074,5e-021
1.74138e-008,2.53132e-005,0.999975,1.42376e-014,2.85126e-011,1.74138e-008
7.38298e-015,2.53481e-005,0.999975,5.06783e-029,6.77168e-019,7.38298e-015
7.43849e-015,1.74681e-008,1,1.69292e-019,1.69292e-019,7.43849e-015
1.11022e-016,3.49363e-008,1,2.57631e-051,4.25427e-033,1.11022e-016
3.52496e-015,3.52496e-015,1,1.69293e-019,3.52496e-015,3.52496e-015
3.33333e-021,1.66667e-021,1,1.2217e-033,1.66667e-021,3.33333e-021
5.55112e-017,1.27851e-022,1,4.42815e-034,6.20243e-034,5.55112e-017
5.55112e-017,1.27851e-042,1,4.45646e-054,6.20243e-054,5.55112e-017
2.77557e-015,2.77556e-015,1,8.46463e-020,2.77556e-015,2.77557e-015
5e-021,1.11023e-014,1,1.24957e-039,1.2571e-033,5e-021
5e-021,2.62139e-014,1,3.14274e-034,3.14274e-034,5e-021
5e-021,5.82128e-030,1,2.01432e-056,6.97876e-050,5e-021
5e-021,2.77682e-014,1,1.73583e-034,1.73583e-034,5e-021
5e-021,9.0253e-034,1,9.0717e-061,5.9907e-054,5e-021
2e-021,1e-021,1,2e-021,1e-021,2e-021
2.5e-021,1.25e-021,1,1.25e-021,1.25e-021,2.5e-021
2.33147e-015,2.50992e-012,1,4.23232e-020,8.38153e-027,2.33147e-015
5.55112e-017,2.51459e-012,1,4.40816e-040,5.867e-026,5.55112e-017
5e-021,3.16854e-006,0.999997,2.51442e-026,2.51444e-026,5e-021
5e-021,3.16854e-006,0.999997,1.58342e-066,9.01955e-046,5e-021
2e-021,1e-021,1,2.00003e-021,1e-021,2e-021
2.5e-021,1.25e-021,1,1.25e-021,1.25e-021,2.5e-021
5e-021,3.16854e-006,0.999997,2.11969e-046,2.1197e-046,5e-021
2.5e-021,1.25e-021,1,1.25e-021,1.25e-021,2.5e-021
5.9952e-016,8.99281e-016,1,9.71701e-036,8.99281e-016,5.9952e-016
1.11022e-016,3.62255e-027,1,1.40245e-050,4.87778e-047,1.11022e-016
4.44089e-017,1.11022e-017,1,2.43965e-047,1.11022e-017,4.44089e-017
4.16334e-017,1.38778e-017,1,2.43965e-067,1.38778e-017,4.16334e-017
5e-021,6.33708e-006,0.999994,2.697e-051,2.69703e-051,5e-021
2.5e-021,1.25e-021,1,1.25e-021,1.25e-021,2.5e-021
2e-021,1e-021,1,2e-021,1e-021,2e-021
2.5e-021,1.25e-021,1,1.25e-021,1.25e-021,2.5e-021
8.78749e-009,1.32169e-005,0.999987,7.14332e-015,1.42807e-011,8.78749e-009
3.66374e-015,1.43968e-011,1,1.13808e-022,1.72699e-019,3.66374e-015
2.19824e-015,1.46549e-015,1,8.64063e-020,1.46549e-015,2.19824e-015
5.55112e-017,7.32756e-015,1,2.45763e-042,7.24538e-034,5.55112e-017
3.38618e-015,1.43097e-011,1,2.84521e-023,4.31747e-020,3.38618e-015
5e-021,1.43166e-011,1,2.0238e-046,3.52263e-034,5e-021
2.77556e-016,1.43159e-011,1,1.0119e-046,1.68937e-034,2.77556e-016
5e-021,2.38408e-027,1,2.81336e-050,2.81336e-050,5e-021
3.44169e-015,3.30864e-006,0.999997,1.62011e-020,5.40045e-021,3.44169e-015
5.55112e-017,3.30864e-006,0.999997,6.56195e-041,2.6802e-026,5.55112e-017
1.11022e-016,3.33069e-015,1,8.99351e-036,1.7868e-026,1.11022e-016
5e-021,3.6978e-031,1,1.98374e-042,1.98374e-042,5e-021
5e-021,1.65432e-006,0.999998,1.81668e-035,6.05563e-036,5e-021
5e-021,1.65432e-006,0.999998,7.33404e-071,2.42224e-055,5e-021
5e-021,1.65432e-006,0.999998,1.21112e-055,1.21112e-055,5e-021
5e-021,1.65432e-006,0.999998,3.9474e-142,2.42224e-075,5e-021
1.79023e-015,2.98372e-015,1,1.08008e-020,2.98372e-015,1.79023e-015
1.23358e-017,4.31753e-017,1,5.15626e-035,4.31753e-017,1.23358e-017
5.55112e-017,1.16573e-015,1,2.2034e-035,3.14771e-036,5.55112e-017
5.55112e-017,1.16575e-015,1,1.18897e-070,1.88863e-055,5.55112e-017
1.25e-021,6.25e-022,1,9.375e-021,6.25e-022,1.25e-021
3.33333e-021,1.66667e-021,1,3.32031e-041,1.66667e-021,3.33333e-021
1.25e-021,6.25e-022,1,9.79167e-021,6.25e-022,1.25e-021
1.11111e-021,5.55556e-022,1,3.33333e-021,5.55556e-022,1.11111e-021
2.08167e-016,1.249e-016,1,9.50163e-036,1.249e-016,2.08167e-016
3.33333e-021,1.66667e-021,1,3.16468e-051,1.66667e-021,3.33333e-021
2.08167e-016,1.249e-016,1,1.05489e-051,1.249e-016,2.08167e-016
1.11022e-016,1.97373e-016,1,1.3013e-067,1.04104e-067,1.11022e-016
2e-021,1e-021,1,2e-021,1e-021,2e-021
5e-021,3.33087e-016,1,5.564e-103,1.05489e-071,5e-021
2e-021,1e-021,1,2e-021,1e-021,2e-021
2.5e-021,1.25e-021,1,1.25e-021,1.25e-021,2.5e-021
1.88738e-015,8.27162e-007,0.999999,5.06287e-021,3.37529e-022,1.88738e-015
1.11023e-016,8.27162e-007,0.999999,6.37969e-042,9.59304e-036,1.11022e-016
5e-021,3.30864e-006,0.999997,2.05061e-042,3.35025e-027,5e-021
5e-021,3.30864e-006,0.999997,1.05125e-084,3.68949e-047,5e-021
2e-021,1e-021,1,2e-021,1e-021,2e-021
5e-021,4.55693e-063,1,2.2335e-047,7.53863e-069,5e-021
1.25e-021,6.25e-022,1,5.625e-021,6.25e-022,1.25e-021
1.11111e-021,5.55556e-022,1,3.33333e-021,5.55556e-022,1.11111e-021
2e-021,1e-021,1,2e-021,1e-021,2e-021
2.5e-021,1.25e-021,1,1.25e-021,1.25e-021,2.5e-021
2e-021,1e-021,1,2e-021,1e-021,2e-021
5e-021,1.36839e-032,1,1.33326e-067,4.61867e-054,5e-021
1.25e-021,6.25e-022,1,7.125e-021,6.25e-022,1.25e-021
1.11111e-021,5.55556e-022,1,3.33333e-021,5.55556e-022,1.11111e-021
2e-021,1e-021,1,2e-021,1e-021,2e-021
2.5e-021,1.25e-021,1,1.25e-021,1.25e-021,2.5e-021
2e-021,1.77636e-015,1,7.34668e-022,1.77636e-015,2e-021
5e-021,4.44089e-036,1,7.88875e-031,4.44089e-036,5e-021
5e-021,7.77877e-062,1,3.94431e-031,7.77877e-062,5e-021
5e-021,3.9443e-031,1,6.52516e-057,3.9443e-051,5e-021
1.25e-021,6.25e-022,1,7.125e-021,6.25e-022,1.25e-021
1.11111e-021,5.55556e-022,1,3.33333e-021,5.55556e-022,1.11111e-021
5e-021,2.5e-041,1,1.97215e-051,9.86076e-072,5e-021
5e-021,9.86076e-052,1,1.97215e-071,3.05867e-078,5e-021
1.25e-021,6.25e-022,1,1.7375e-020,6.25e-022,1.25e-021
3.33333e-021,1.66667e-021,1,1.04203e-040,1.66667e-021,3.33333e-021
1.25e-021,6.25e-022,1,9.79167e-021,6.25e-022,1.25e-021
1.11111e-021,5.55556e-022,1,3.33333e-021,5.55556e-022,1.11111e-021
1.25e-021,6.25e-022,1,7.125e-021,6.25e-022,1.25e-021
1.11111e-021,5.55556e-022,1,3.33333e-021,5.55556e-022,1.11111e-021
2e-021,1e-021,1,2e-021,1e-021,2e-021
5e-021,2.5e-041,1,7.39557e-092,2.46519e-092,5e-021
4.46209e-009,7.13221e-006,0.999993,3.57783e-015,7.14652e-012,4.46209e-009
1.77636e-015,3.57504e-006,0.999996,6.39549e-027,4.46761e-020,1.77636e-015
1.03251e-015,6.88338e-016,1,2.23381e-020,6.88338e-016,1.03251e-015
1.11022e-016,1.1169e-020,1,2.89522e-033,2.85802e-033,1.11022e-016
1.44329e-015,1.59762e-012,1,1.1169e-020,9.98247e-027,1.44329e-015
1.11022e-016,6.66134e-016,1,1.11601e-035,8.92565e-033,1.11022e-016
2e-021,1e-021,1,2e-021,1e-021,2e-021
2.5e-021,1.25e-021,1,1.25e-021,1.25e-021,2.5e-021
7.07767e-016,1.17961e-015,1,5.58452e-021,1.17961e-015,7.07767e-016
1.11022e-016,3.55271e-015,1,7.79672e-042,9.92011e-036,1.11022e-016
5e-021,8.93761e-007,0.999999,1.94918e-042,1.24781e-027,5e-021
5e-021,8.93761e-007,0.999999,9.49826e-085,1.33491e-047,5e-021
1.25e-021,6.25e-022,1,7.125e-021,6.25e-022,1.25e-021
1.11111e-021,5.55556e-022,1,3.33333e-021,5.55556e-022,1.11111e-021
1.25e-021,6.25e-022,1,5.625e-021,6.25e-022,1.25e-021
1.11111e-021,5.55556e-022,1,3.33333e-021,5.55556e-022,1.11111e-021
1.16573e-015,1.12261e-017,1,2.79226e-021,9.35474e-030,1.16573e-015
5e-021,2.04591e-024,1,8.41022e-034,8.52433e-037,5e-021
2e-021,1e-021,1,2e-021,1e-021,2e-021
5e-021,1.11595e-044,1,4.20674e-054,4.64963e-057,5e-021
3.88578e-016,1.33508e-015,1,1.38916e-041,2.10236e-034,3.88578e-016
5e-021,2.22326e-015,1,4.82444e-083,7.00227e-050,5e-021
5e-021,2.22326e-015,1,2.41222e-083,4.66818e-050,5e-021
2.5e-021,2.5e-021,1,2.73599e-098,2.5e-021,2.5e-021
1.04083e-016,6.245e-017,1,1.05118e-034,6.245e-017,1.04083e-016
1.66667e-021,3.33333e-021,1,3.50114e-050,3.33333e-021,1.66667e-021
1.25e-021,6.25e-022,1,5.625e-021,6.25e-022,1.25e-021
1.11111e-021,5.55556e-022,1,3.33333e-021,5.55556e-022,1.11111e-021
2e-021,1e-021,1,2e-021,1e-021,2e-021
5e-021,8.37634e-030,1,1.02116e-070,9.77558e-060,5e-021
2e-021,1e-021,1,2e-021,1e-021,2e-021
2.5e-021,1.25e-021,1,1.25e-021,1.25e-021,2.5e-021
1.1241e-015,3.3723e-015,1,1.39613e-021,3.3723e-015,1.1241e-015
1.66533e-016,8.32667e-016,1,5.61881e-036,5.81256e-037,1.66533e-016
4.44089e-017,1.11022e-017,1,3.10003e-036,1.11022e-017,4.44089e-017
4.16334e-017,1.38778e-017,1,2.58133e-051,1.38778e-017,4.16334e-017
3.33067e-017,2.22045e-017,1,1.55002e-036,2.22045e-017,3.33067e-017
4.16334e-017,1.38778e-017,1,1.60412e-056,1.38778e-017,4.16334e-017
3.33067e-017,2.22045e-017,1,1.57707e-056,2.22045e-017,3.33067e-017
5.55112e-017,2.22046e-035,1,1.1828e-076,3.94267e-077,5.55112e-017
2.08167e-017,3.46945e-017,1,1.875e-020,3.46945e-017,2.08167e-017
3.08395e-017,2.46716e-017,1,1.58203e-040,2.46716e-017,3.08395e-017
2.08167e-017,3.46945e-017,1,6.64063e-041,3.46945e-017,2.08167e-017
5.55112e-017,3.33333e-021,1,5.53385e-061,1.10677e-061,5.55112e-017
2.08167e-017,3.46945e-017,1,6.25e-021,3.46945e-017,2.08167e-017
3.08395e-017,2.46716e-017,1,3.32031e-041,2.46716e-017,3.08395e-017
2.08167e-017,3.46945e-017,1,6.66667e-021,3.46945e-017,2.08167e-017
1.23358e-017,4.31753e-017,1,3.33333e-041,4.31753e-017,1.23358e-017
1.25e-021,6.25e-022,1,1.7375e-020,6.25e-022,1.25e-021
3.33333e-021,1.66667e-021,1,1.04203e-040,1.66667e-021,3.33333e-021
1.25e-021,6.25e-022,1,9.79167e-021,6.25e-022,1.25e-021
1.11111e-021,5.55556e-022,1,3.33333e-021,5.55556e-022,1.11111e-021
1.25e-021,6.25e-022,1,7.125e-021,6.25e-022,1.25e-021
1.11111e-021,5.55556e-022,1,3.33333e-021,5.55556e-022,1.11111e-021
2e-021,1e-021,1,2e-021,1e-021,2e-021
2.5e-021,1.25e-021,1,1.25e-021,1.25e-021,2.5e-021
1.25e-021,6.25e-022,1,1.7375e-020,6.25e-022,1.25e-021
3.33333e-021,1.66667e-021,1,1.04203e-040,1.66667e-021,3.33333e-021
1.25e-021,6.25e-022,1,9.79167e-021,6.25e-022,1.25e-021
1.11111e-021,5.55556e-022,1,3.33333e-021,5.55556e-022,1.11111e-021
1.25e-021,6.25e-022,1,1.4375e-020,6.25e-022,1.25e-021
3.33333e-021,1.66667e-021,1,7.38281e-041,1.66667e-021,3.33333e-021
1.25e-021,6.25e-022,1,9.79167e-021,6.25e-022,1.25e-021
1.11111e-021,5.55556e-022,1,3.33333e-021,5.55556e-022,1.11111e-021
1.25e-021,6.25e-022,1,1.97573e-019,6.25e-022,1.25e-021
3.33333e-021,1.66667e-021,1,1.01817e-038,1.66667e-021,3.33333e-021
1.25e-021,6.25e-022,1,3.125e-021,6.25e-022,1.25e-021
1.11111e-021,5.55556e-022,1,3.33333e-021,5.55556e-022,1.11111e-021
1.25e-021,6.25e-022,1,9.375e-021,6.25e-022,1.25e-021
3.33333e-021,1.66667e-021,1,3.32031e-041,1.66667e-021,3.33333e-021
1.25e-021,6.25e-022,1,9.79167e-021,6.25e-022,1.25e-021
1.11111e-021,5.55556e-022,1,3.33333e-021,5.55556e-022,1.11111e-021
1.25e-021,6.25e-022,1,2.1875e-020,6.25e-022,1.25e-021
3.33333e-021,1.66667e-021,1,1.58203e-040,1.66667e-021,3.33333e-021
1.25e-021,6.25e-022,1,3.125e-021,6.25e-022,1.25e-021
1.11111e-021,5.55556e-022,1,3.33333e-021,5.55556e-022,1.11111e-021
1.25e-021,6.25e-022,1,2.27083e-020,6.25e-022,1.25e-021
3.33333e-021,1.66667e-021,1,1.69314e-040,1.66667e-021,3.33333e-021
1.25e-021,6.25e-022,1,9.79167e-021,6.25e-022,1.25e-021
1.11111e-021,5.55556e-022,1,3.33333e-021,5.55556e-022,1.11111e-021
1.25e-021,6.25e-022,1,4.6875e-020,6.25e-022,1.25e-021
3.33333e-021,1.66667e-021,1,6.42578e-040,1.66667e-021,3.33333e-021
1.25e-021,6.25e-022,1,3.125e-021,6.25e-022,1.25e-021
1.11111e-021,5.55556e-022,1,3.33333e-021,5.55556e-022,1.11111e-021
1.25e-021,6.25e-022,1,9.375e-021,6.25e-022,1.25e-021
3.33333e-021,1.66667e-021,1,3.32031e-041,1.66667e-021,3.33333e-021
1.25e-021,6.25e-022,1,9.79167e-021,6.25e-022,1.25e-021
1.11111e-021,5.55556e-022,1,3.33333e-021,5.55556e-022,1.11111e-021
1.25e-021,6.25e-022,1,4.85417e-020,6.25e-022,1.25e-021
3.33333e-021,1.66667e-021,1,6.85981e-040,1.66667e-021,3.33333e-021
1.25e-021,6.25e-022,1,3.125e-021,6.25e-022,1.25e-021
1.11111e-021,5.55556e-022,1,3.33333e-021,5.55556e-022,1.11111e-021
1.25e-021,6.25e-022,1,2.27083e-020,6.25e-022,1.25e-021
3.33333e-021,1.66667e-021,1,1.69314e-040,1.66667e-021,3.33333e-021
1.25e-021,6.25e-022,1,9.79167e-021,6.25e-022,1.25e-021
1.11111e-021,5.55556e-022,1,3.33333e-021,5.55556e-022,1.11111e-021
1.25e-021,6.25e-022,1,7.8875e-020,6.25e-022,1.25e-021
3.33333e-021,1.66667e-021,1,1.71858e-039,1.66667e-021,3.33333e-021
1.25e-021,6.25e-022,1,3.125e-021,6.25e-022,1.25e-021
1.11111e-021,5.55556e-022,1,3.33333e-021,5.55556e-022,1.11111e-021
1.25e-021,6.25e-022,1,9.375e-021,6.25e-022,1.25e-021
3.33333e-021,1.66667e-021,1,3.32031e-041,1.66667e-021,3.33333e-021
1.25e-021,6.25e-022,1,9.79167e-021,6.25e-022,1.25e-021
1.11111e-021,5.55556e-022,1,3.33333e-021,5.55556e-022,1.11111e-021
1.25e-021,6.25e-022,1,4.85417e-020,6.25e-022,1.25e-021
3.33333e-021,1.66667e-021,1,6.85981e-040,1.66667e-021,3.33333e-021
1.25e-021,6.25e-022,1,3.125e-021,6.25e-022,1.25e-021
1.11111e-021,5.55556e-022,1,3.33333e-021,5.55556e-022,1.11111e-021
1.25e-021,6.25e-022,1,2.27083e-020,6.25e-022,1.25e-021
3.33333e-021,1.66667e-021,1,1.69314e-040,1.66667e-021,3.33333e-021
1.25e-021,6.25e-022,1,9.79167e-021,6.25e-022,1.25e-021
1.11111e-021,5.55556e-022,1,3.33333e-021,5.55556e-022,1.11111e-021
1.25e-021,6.25e-022,1,3.7875e-020,6.25e-022,1.25e-021
3.33333e-021,1.66667e-021,1,4.32203e-040,1.66667e-021,3.33333e-021
1.25e-021,6.25e-022,1,3.125e-021,6.25e-022,1.25e-021
1.11111e-021,5.55556e-022,1,3.33333e-021,5.55556e-022,1.11111e-021
1.25e-021,6.25e-022,1,2.27083e-020,6.25e-022,1.25e-021
3.33333e-021,1.66667e-021,1,1.69314e-040,1.66667e-021,3.33333e-021
1.25e-021,6.25e-022,1,9.79167e-021,6.25e-022,1.25e-021
1.11111e-021,5.55556e-022,1,3.33333e-021,5.55556e-022,1.11111e-021
2e-021,1e-021,1,2e-021,1e-021,2e-021
5e-021,5e-021,1,7.5682e-095,2.52273e-095,5e-021
2e-021,1e-021,1,2e-021,1e-021,2e-021
5e-021,4.63979e-159,1,1.00909e-114,1.9317e-174,5e-021
1.25e-021,6.25e-022,1,7.125e-021,6.25e-022,1.25e-021
1.11111e-021,5.55556e-022,1,3.33333e-021,5.55556e-022,1.11111e-021
2e-021,1e-021,1,2e-021,1e-021,2e-021
2.5e-021,1.25e-021,1,1.25e-021,1.25e-021,2.5e-021
